1416722400,-8.95764816200007,0
1416726000,129.145199812476,0
1416729600,219.728757650419,0
1416733200,294.941023039822,0
1416736800,287.052150849211,0
1416740400,270.454642354138,0
1416744000,200.74536762201,0
1416747600,75.9202524997583,0
1416751200,49.1956541851954,0
1416754800,-7.67575675952406,0
1416758400,-14.7163436052528,0
1416762000,-31.542606761392,0
1416765600,80.4449474814222,0
1416769200,105.089674396533,0
1416772800,152.352847798176,0
1416776400,102.590620519316,0
1416780000,62.8834662828306,0
1416783600,27.2193393678849,0
1416787200,-58.0818545502327,0
1416790800,-149.191253902492,0
1416794400,-152.378139442843,0
1416798000,-162.752991432897,0
1416801600,-147.726913521765,0
1416805200,-6.32094240603063,0
1416808800,107.192410558359,0
1416812400,255.46902508233,0
1416816000,320.450688578896,0
1416819600,383.130087293325,0
1416823200,790.257362858753,1
1416826800,300.55575832298,0
1416830400,287.033294036798,0
1416834000,201.028575170283,0
1416837600,103.035323927675,0
1416841200,62.5003449610203,0
1416844800,43.4413787618806,0
1416848400,50.9908812659653,0
1416852000,129.713618702167,0
1416855600,176.061852708515,0
1416859200,183.569733045571,0
1416862800,166.674915061187,0
1416866400,134.263645994421,0
1416870000,55.1632113409644,0
1416873600,-34.6720352666576,0
1416877200,-107.855461108616,0
1416880800,-131.769058937634,0
1416884400,-155.442537769632,0
1416888000,-104.748854116729,0
1416891600,-25.8684321516115,0
1416895200,155.624188153881,0
1416898800,254.796874795242,0
1416902400,367.873634113018,0
1416906000,404.013014285384,0
1416909600,392.645050647642,0
1416913200,348.387475861078,0
1416916800,247.711712729702,0
1416920400,196.888385429046,0
1416924000,62.2957196637991,0
1416927600,53.536077862731,0
1416931200,34.1808533068303,0
1416934800,57.9858268087748,0
1416938400,76.247023844482,0
1416942000,130.363947505852,0
1416945600,160.077470121761,0
1416949200,167.375909522702,0
1416952800,95.4628336921498,0
1416956400,31.2996769010477,0
1416960000,-62.2240297330397,0
1416963600,-168.513039502065,0
1416967200,-250.307285160013,0
1416970800,-192.276781278931,0
1416974400,-141.87550716008,0
1416978000,-63.2722536655799,0
1416981600,57.6857560495367,0
1416985200,161.437128213836,0
1416988800,259.684763652885,0
1416992400,349.268086744812,0
1416996000,306.520475953838,0
1416999600,276.197834234125,0
1417003200,191.399469388464,0
1417006800,105.125916170972,0
1417010400,21.4034654249059,0
1417014000,-44.557289535043,0
1417017600,-62.6974769671961,0
1417021200,-32.7829632659967,0
1417024800,3.02574818792277,0
1417028400,39.7014080728088,0
1417032000,104.612824706773,0
1417035600,78.2878058818314,0
1417039200,-27.8945780828838,0
1417042800,-80.1947742712131,0
1417046400,-171.127015233451,0
1417050000,-252.25903237068,0
1417053600,-321.860485375827,0
1417057200,-342.682682530897,0
1417060800,-251.500531206425,0
1417064400,-144.600951583974,0
1417068000,-25.9623089439613,0
1417071600,40.8528703391504,0
1417075200,151.330622226124,0
1417078800,239.680581301712,0
1417082400,187.295825196373,0
1417086000,185.756367713206,0
1417089600,86.3003522398929,0
1417093200,-36.8233565463408,0
1417096800,-84.2058490188697,0
1417100400,-124.203558192241,0
1417104000,-124.989812215554,0
1417107600,-121.953879416038,0
1417111200,-140.460063896461,0
1417114800,-69.7627202592161,0
1417118400,-28.9445179722124,0
1417122000,-49.0878174652439,0
1417125600,-98.6572317398259,0
1417129200,-172.650760822783,0
1417132800,-272.849233582448,0
1417136400,-356.356676929444,0
1417140000,-413.742785416523,0
1417143600,-406.355847770074,0
1417147200,-374.365936608441,0
1417150800,-241.768880468948,0
1417154400,-96.7330066071623,0
1417158000,21.3680860631483,0
1417161600,61.3464215342629,0
1417165200,152.847329881652,0
1417168800,110.930645195133,0
1417172400,133.954093385443,0
1417176000,4.54586153869859,0
1417179600,-70.0950689211643,0
1417183200,-136.046711729063,0
1417186800,-194.669064132786,0
1417190400,-183.482939194039,0
1417194000,-159.607831074013,0
1417197600,-138.177563865572,0
1417201200,-75.4005110257719,0
1417204800,-95.3096064028764,0
1417208400,-66.3161536994128,0
1417212000,-111.8131829639,0
1417215600,-155.892697673851,0
1417219200,-251.645467249909,0
1417222800,-366.218441072341,0
1417226400,-377.889679964659,0
1417230000,-374.571168863433,0
1417233600,-311.921547856064,0
1417237200,-240.896045057155,0
1417240800,-92.8084644784198,0
1417244400,57.7062708169949,0
1417248000,112.973121026385,0
1417251600,202.242600994908,0
1417255200,196.589715236531,0
1417258800,156.589863182778,0
1417262400,44.153979638141,0
1417266000,-78.2102642747725,0
1417269600,-67.9382586099489,0
1417273200,-129.314859248269,0
1417276800,-151.141700102063,0
1417280400,-93.4361281572032,0
1417284000,-62.3718123673243,0
1417287600,2.71690926935174,0
1417291200,75.3868935610031,0
1417294800,-8.94520546313796,0
1417298400,-41.3210431654501,0
1417302000,-84.1437394266246,0
1417305600,-155.181201791852,0
1417309200,-224.04774444,0
1417312800,-267.209076515643,0
1417316400,-313.744497395169,0
1417320000,-216.495170848785,0
1417323600,-156.907466285534,0
1417327200,6.94199938663047,0
1417330800,149.048075582104,0
1417334400,229.488819931659,0
1417338000,282.03581669731,0
1417341600,298.981120387617,0
1417345200,271.191688054654,0
1417348800,206.766596892237,0
1417352400,89.6912790728712,0
1417356000,12.9480194809551,0
1417359600,-16.0729859539735,0
1417363200,-23.6316692921792,0
1417366800,14.0733482775899,0
1417370400,14.8324460327531,0
1417374000,101.866805646875,0
1417377600,133.000061199828,0
1417381200,138.274693031616,0
1417384800,107.825240702929,0
1417388400,-1.85278481099458,0
1417392000,-84.1241486432348,0
1417395600,-174.203883860359,0
1417399200,-192.857418037419,0
1417402800,-142.980400021717,0
1417406400,-141.869738503718,0
1417410000,-85.4974186751535,0
1417413600,117.725280894473,0
1417417200,222.625818724641,0
1417420800,339.206137446875,0
1417424400,375.651146110701,0
1417428000,373.555983971916,0
1417431600,313.391328942749,0
1417435200,281.468857024223,0
1417438800,161.046555945423,0
1417442400,101.049998158282,0
1417446000,72.267971920391,0
1417449600,66.5843009602854,0
1417453200,95.13158414569,0
1417456800,142.834509768726,0
1417460400,163.326264399842,0
1417464000,213.251716703631,0
1417467600,217.286565779212,0
1417471200,149.044608307212,0
1417474800,76.6984266324403,0
1417478400,-4.45203109253999,0
1417482000,-73.4842686223513,0
1417485600,-179.294989365637,0
1417489200,-125.024602499412,0
1417492800,-106.035861861199,0
1417496400,11.6134286568005,0
1417500000,127.823479744853,0
1417503600,234.364779061208,0
1417507200,313.014720547267,0
1417510800,391.985756058305,0
1417514400,372.925037433618,0
1417518000,374.114900308733,0
1417521600,284.310627923621,0
1417525200,200.279146082096,0
1417528800,90.7670835157862,0
1417532400,36.0594482693324,0
1417536000,28.7845840546511,0
1417539600,44.4749204272708,0
1417543200,110.913288001291,0
1417546800,144.941222038842,0
1417550400,139.487576298881,0
1417554000,141.671140531711,0
1417557600,147.14553416272,0
1417561200,-6.37722014286539,0
1417564800,-71.8744778687665,0
1417568400,-137.912851482598,0
1417572000,-236.718154464915,0
1417575600,-220.776822315631,0
1417579200,-193.770846347685,0
1417582800,-49.3709810374649,0
1417586400,59.396566623303,0
1417590000,205.410016916818,0
1417593600,286.962666897971,0
1417597200,328.292588683979,0
1417600800,299.04052022684,0
1417604400,226.898364954708,0
1417608000,192.830754627883,0
1417611600,109.470305590324,0
1417615200,47.5717075535424,0
1417618800,-63.3957408288091,0
1417622400,-48.900619350823,0
1417626000,-62.4726505665315,0
1417629600,-8.60304910604983,0
1417633200,36.213858693155,0
1417636800,52.500034419719,0
1417640400,62.2639263989262,0
1417644000,-11.7816373493764,0
1417647600,-92.4355694044846,0
1417651200,-168.026663806168,0
1417654800,-288.109838130709,0
1417658400,-305.582841455427,0
1417662000,-334.178685153895,0
1417665600,-237.573900899769,0
1417669200,-154.249598716539,0
1417672800,-58.9343590696457,0
1417676400,76.5928380291542,0
1417680000,167.556906982684,0
1417683600,211.571574471774,0
1417687200,214.001453769573,0
1417690800,138.108257264863,0
1417694400,87.3407134285201,0
1417698000,-35.3926259367129,0
1417701600,-95.0316798886381,0
1417705200,-127.101461175069,0
1417708800,-158.834252341861,0
1417712400,-148.839040494276,0
1417716000,-115.069618848215,0
1417719600,-81.061519612528,0
1417723200,-22.3071840426826,0
1417726800,-9.13905750704355,0
1417730400,-87.7356942999864,0
1417734000,-162.049621123407,0
1417737600,-266.137937302582,0
1417741200,-345.417962333888,0
1417744800,-418.395064237239,0
1417748400,-426.418395873971,0
1417752000,-329.425268699022,0
1417755600,-278.18451236719,0
1417759200,-155.37033880686,0
1417762800,-12.7915235121959,0
1417766400,146.209340024834,0
1417770000,150.26221848066,0
1417773600,149.09000406673,0
1417777200,143.891606457013,0
1417780800,41.0629183025441,0
1417784400,-68.8041635572366,0
1417788000,-117.363695336972,0
1417791600,-171.034728075334,0
1417795200,-197.811176275461,0
1417798800,-171.551230147272,0
1417802400,-116.249988998714,0
1417806000,-97.1165795952383,0
1417809600,-42.7219705742601,0
1417813200,-39.5596688810549,0
1417816800,-118.80685165869,0
1417820400,-186.713184624358,0
1417824000,-288.266389447741,0
1417827600,-315.841788707934,0
1417831200,-414.445307917595,0
1417834800,-374.395739244797,0
1417838400,-333.015454341508,0
1417842000,-212.456591376897,0
1417845600,-86.9889581392935,0
1417849200,10.9971916379482,0
1417852800,137.399975613315,0
1417856400,169.282284068254,0
1417860000,199.916647499478,0
1417863600,127.841394680369,0
1417867200,65.7476088768258,0
1417870800,-0.346926706760131,0
1417874400,-48.6688875019071,0
1417878000,-118.031903734239,0
1417881600,-144.594450780707,0
1417885200,-83.1917132904051,0
1417888800,-88.1307284760091,0
1417892400,-5.54941641058564,0
1417896000,17.4041939654451,0
1417899600,45.0994957347885,0
1417903200,-23.6499732352647,0
1417906800,-114.397373831834,0
1417910400,-195.346105045424,0
1417914000,-221.088568776499,0
1417917600,-291.16340162476,0
1417921200,-280.118092003839,0
1417924800,-237.187696711764,0
1417928400,-127.007861694035,0
1417932000,-5.43233969039626,0
1417935600,132.479514212866,0
1417939200,272.457931027606,0
1417942800,293.442449569221,0
1417946400,276.245296036849,0
1417950000,267.656545335856,0
1417953600,150.067978013737,0
1417957200,75.4622343506711,0
1417960800,37.1415966788096,0
1417964400,-29.2085105810846,0
1417968000,-8.05303991576724,0
1417971600,29.4019428712558,0
1417975200,30.6338568866835,0
1417978800,108.561991258796,0
1417982400,142.77174826152,0
1417986000,99.1897526923433,0
1417989600,59.155942758348,0
1417993200,3.78779669998882,0
1417996800,-66.0793551397558,0
1418000400,-132.654992113703,0
1418004000,-248.475182815536,0
1418007600,-175.296654769256,0
1418011200,-174.229066953071,0
1418014800,-44.0859844685246,0
1418018400,103.429574430234,0
1418022000,232.028779357241,0
1418025600,336.647361076981,0
1418029200,372.274007137222,0
1418032800,372.528497000765,0
1418036400,359.953184860166,0
1418040000,292.59904249955,0
1418043600,124.163678615613,0
1418047200,100.380992816986,0
1418050800,26.8169827201377,0
1418054400,26.6791240461397,0
1418058000,89.6631009330541,0
1418061600,107.810477586418,0
1418065200,165.215797953392,0
1418068800,169.064723599824,0
1418072400,191.795988306848,0
1418076000,130.293074802091,0
1418079600,49.7787937611187,0
1418083200,-19.3672412401665,0
1418086800,-105.077680715362,0
1418090400,-150.805609465571,0
1418094000,-159.313785228774,0
1418097600,-112.129516411841,0
1418101200,7.58536051735587,0
1418104800,131.862367833602,0
1418108400,270.371191283564,0
1418112000,337.215774344661,0
1418115600,379.585059108217,0
1418119200,361.145107908735,0
1418122800,365.066218381954,0
1418126400,253.161608300343,0
1418130000,179.415300176321,0
1418133600,64.3784181133247,0
1418137200,5.42026467020298,0
1418140800,28.0890532808139,0
1418144400,492.483274201793,1
1418148000,87.8532705126527,0
1418151600,119.771992006548,0
1418155200,177.728873135397,0
1418158800,142.869039875899,0
1418162400,94.6883237463287,0
1418166000,40.5281002173788,0
1418169600,-104.814157574127,0
1418173200,-154.032003762916,0
1418176800,-167.480067773529,0
1418180400,-229.350720912572,0
1418184000,-130.459630502996,0
1418187600,-62.7237622577992,0
1418191200,64.9605392809668,0
1418194800,184.431117034021,0
1418198400,283.555713577889,0
1418202000,318.075347309756,0
1418205600,295.805830994952,0
1418209200,293.789103965782,0
1418212800,148.183473638541,0
1418216400,96.3945379638389,0
1418220000,-55.9646445630464,0
1418223600,-34.5298721482371,0
1418227200,-46.4388424174747,0
1418230800,-49.4244113042093,0
1418234400,12.1811415156459,0
1418238000,31.9110401803737,0
1418241600,92.5647999035157,0
1418245200,37.4576123579241,0
1418248800,14.5544739317498,0
1418252400,-87.9905061884855,0
1418256000,-150.796671675119,0
1418259600,-252.741891657813,0
1418263200,-318.382076699304,0
1418266800,-309.235429344508,0
1418270400,-267.943627722966,0
1418274000,-166.986219922337,0
1418277600,-43.1382407066451,0
1418281200,71.0070783267999,0
1418284800,154.282642111432,0
1418288400,220.663793516813,0
1418292000,236.704226299203,0
1418295600,129.814775101091,0
1418299200,73.2715482213301,0
1418302800,-48.5003428054695,0
1418306400,-117.684191761394,0
1418310000,-126.748695027161,0
1418313600,-143.014037790809,0
1418317200,-176.618545200632,0
1418320800,-119.388098663714,0
1418324400,-92.465745234198,0
1418328000,20.3171105930706,0
1418331600,-15.2629454578371,0
1418335200,-104.494077257917,0
1418338800,-181.09000390831,0
1418342400,-271.52805615907,0
1418346000,-340.525051031812,0
1418349600,-390.360037751607,0
1418353200,-389.253471603977,0
1418356800,-318.741032944314,0
1418360400,-225.986270425347,0
1418364000,-91.7050509337389,0
1418367600,21.8367864841855,0
1418371200,80.7138331782958,0
1418374800,125.562804950813,0
1418378400,132.84090884952,0
1418382000,127.006783446531,0
1418385600,38.2977871057024,0
1418389200,-66.0715464832286,0
1418392800,-157.542470802701,0
1418396400,-246.183252973785,0
1418400000,-221.821290491851,0
1418403600,-153.838970782191,0
1418407200,-108.229748944503,0
1418410800,-68.2956636193017,0
1418414400,-53.6736756686886,0
1418418000,-27.9493510459897,0
1418421600,-103.089781093519,0
1418425200,-215.064562487448,0
1418428800,-266.320779362405,0
1418432400,-373.658670406325,0
1418436000,-362.699633940414,0
1418439600,-367.18763739379,0
1418443200,-341.010830462459,0
1418446800,-199.469489461442,0
1418450400,-76.7464676958329,0
1418454000,32.1547628519591,0
1418457600,128.995805751382,0
1418461200,168.431587406504,0
1418464800,202.150589841989,0
1418468400,149.876342586048,0
1418472000,57.079539223126,0
1418475600,-14.8721716372085,0
1418479200,-116.549519047821,0
1418482800,-105.023424828952,0
1418486400,-142.241179804433,0
1418490000,-145.441687145326,0
1418493600,-55.3734886834813,0
1418497200,5.58993319868187,0
1418500800,17.6371335824943,0
1418504400,38.3186672021954,0
1418508000,-20.0561746497394,0
1418511600,-103.086689528209,0
1418515200,-143.041474214377,0
1418518800,-291.848496183612,0
1418522400,-325.686948732336,0
1418526000,-302.128881684498,0
1418529600,-231.626213395578,0
1418533200,-137.127928870298,0
1418536800,32.8763263872358,0
1418540400,172.696246570828,0
1418544000,227.520567533848,0
1418547600,236.88625337028,0
1418551200,282.334850960871,0
1418554800,234.926634139688,0
1418558400,142.720364556643,0
1418562000,103.166679257077,0
1418565600,50.5590797342374,0
1418569200,-38.6463661009657,0
1418572800,-7.57997970983525,0
1418576400,17.4732922909865,0
1418580000,27.7191622395287,0
1418583600,96.8436077619061,0
1418587200,123.536601943073,0
1418590800,132.90504808079,0
1418594400,92.6100780651203,0
1418598000,4.14616224346072,0
1418601600,-50.6285521718423,0
1418605200,-127.528086719095,0
1418608800,-162.858622299496,0
1418612400,-172.941783319769,0
1418616000,-88.0489698317777,0
1418619600,-36.0590356540588,0
1418623200,79.8456142030458,0
1418626800,195.742526658747,0
1418630400,355.094280586712,0
1418634000,364.159847819213,0
1418637600,392.281355581194,0
1418641200,353.226451622834,0
1418644800,274.053811278555,0
1418648400,169.735498222765,0
1418652000,53.0500623744263,0
1418655600,44.7283114467891,0
1418659200,67.052677937416,0
1418662800,68.9958536270795,0
1418666400,117.954338145703,0
1418670000,185.096350530765,0
1418673600,227.528248017874,0
1418677200,206.01779009598,0
1418680800,141.652406004955,0
1418684400,41.1295721433622,0
1418688000,-58.4824406470262,0
1418691600,-101.332339617404,0
1418695200,-136.012122284224,0
1418698800,-150.358412520128,0
1418702400,-88.445275488963,0
1418706000,3.35573912046597,0
1418709600,62.9215005666588,0
1418713200,227.364734357969,0
1418716800,339.720276873775,0
1418720400,366.671000940627,0
1418724000,387.431061485998,0
1418727600,340.017126158542,0
1418731200,272.560830298122,0
1418734800,159.019115972268,0
1418738400,78.165858862054,0
1418742000,88.8647499509242,0
1418745600,-8.5170822480414,0
1418749200,54.2968997383068,0
1418752800,106.61733793298,0
1418756400,111.256131763702,0
1418760000,192.43095740413,0
1418763600,180.015428598981,0
1418767200,103.703273608529,0
1418770800,30.5585754671069,0
1418774400,-95.5734729511987,0
1418778000,-129.949917357725,0
1418781600,-197.413756567452,0
1418785200,-222.35253823141,0
1418788800,-159.037021217749,0
1418792400,-47.5885518811632,0
1418796000,59.6241014863879,0
1418799600,181.001168744954,0
1418803200,273.280118736564,0
1418806800,319.633578181505,0
1418810400,282.00183623694,0
1418814000,263.512481655576,0
1418817600,206.056668368378,0
1418821200,86.6250968321832,0
1418824800,26.3120947766529,0
1418828400,-30.4118759324922,0
1418832000,-61.5942099376154,0
1418835600,-5.13439543104992,0
1418839200,1.26432921330767,0
1418842800,-1.73246568336558,0
1418846400,55.5704918594302,0
1418850000,41.7628302267821,0
1418853600,-5.14913918122024,0
1418857200,-78.21890080865,0
1418860800,-141.710810538927,0
1418864400,-280.658061984089,0
1418868000,-313.150958093398,0
1418871600,-332.637186563687,0
1418875200,-310.717880474042,0
1418878800,-181.072319619123,0
1418882400,-45.6561093734123,0
1418886000,57.0205450562974,0
1418889600,164.103340041749,0
1418893200,217.16399394832,0
1418896800,204.280194526647,0
1418900400,173.463472621134,0
1418904000,57.684344530351,0
1418907600,-55.3354387740852,0
1418911200,-89.3031278866894,0
1418914800,-142.782978499808,0
1418918400,-155.128710230113,0
1418922000,-137.078161428226,0
1418925600,-67.0750241956356,0
1418929200,-18.7819189688065,0
1418932800,-53.6117004056219,0
1418936400,-41.4698158255174,0
1418940000,-72.2965536391883,0
1418943600,-154.268593087085,0
1418947200,-256.039004673926,0
1418950800,-326.237545971495,0
1418954400,-395.358135669765,0
1418958000,-427.862277712603,0
1418961600,-354.53941993569,0
1418965200,-238.942330310744,0
1418968800,-132.603510292386,0
1418972400,53.3105249510383,0
1418976000,125.348419705371,0
1418979600,128.8883039668,0
1418983200,164.989506770857,0
1418986800,109.538692641045,0
1418990400,43.4060153991188,0
1418994000,-42.6511671610718,0
1418997600,-146.574469180104,0
1419001200,-198.572236394448,0
1419004800,-183.654018854212,0
1419008400,-184.904062515277,0
1419012000,-107.507667777918,0
1419015600,-61.0531431136921,0
1419019200,-89.4057568333492,0
1419022800,-53.1413965992163,0
1419026400,-109.065793649592,0
1419030000,-161.986069513006,0
1419033600,-245.579727893395,0
1419037200,-322.39597314509,0
1419040800,-410.301290314984,0
1419044400,-367.850925907172,0
1419048000,-332.25784559077,0
1419051600,-221.423282586658,0
1419055200,-80.2542536779411,0
1419058800,-5.72834435548702,0
1419062400,136.576737311923,0
1419066000,173.313378823224,0
1419069600,222.4854000848,0
1419073200,186.357514231386,0
1419076800,77.6596216578753,0
1419080400,-35.7067422470855,0
1419084000,-61.7166870238782,0
1419087600,-130.763196232358,0
1419091200,-147.721693858253,0
1419094800,-91.0289882943668,0
1419098400,-46.391494837508,0
1419102000,16.5671475225203,0
1419105600,18.7215122229321,0
1419109200,47.6968164024172,0
1419112800,-24.3865105243068,0
1419116400,-67.0058498966772,0
1419120000,-166.742925120251,0
1419123600,-298.448604444475,0
1419127200,-271.120852434927,0
1419130800,-272.515015988829,0
1419134400,-293.699665902209,0
1419138000,-122.208245964206,0
1419141600,-14.8333246841174,0
1419145200,117.30830757434,0
1419148800,222.068349946721,0
1419152400,327.616257577387,0
1419156000,280.526995317401,0
1419159600,246.70991626423,0
1419163200,206.809648630305,0
1419166800,121.982405672259,0
1419170400,24.9272974461408,0
1419174000,-25.5780452531921,0
1419177600,-13.1385964975481,0
1419181200,40.39358557459,0
1419184800,35.5101214440581,0
1419188400,63.9660038371994,0
1419192000,147.06021176883,0
1419195600,179.89439504731,0
1419199200,81.6286510200228,0
1419202800,-10.7343894321572,0
1419206400,-80.423094377752,0
1419210000,-139.092704831979,0
1419213600,-184.475450789689,0
1419217200,-181.158152055885,0
1419220800,-155.097728857345,0
1419224400,-17.1141037805546,0
1419228000,86.6875492559177,0
1419231600,217.988938300223,0
1419235200,355.422464129235,0
1419238800,385.021019670024,0
1419242400,382.45211188149,0
1419246000,337.27565132759,0
1419249600,263.290392425918,0
1419253200,189.621932341536,0
1419256800,136.201790414323,0
1419260400,43.3728013670517,0
1419264000,16.781779658816,0
1419267600,80.4863430767778,0
1419271200,107.204536890673,0
1419274800,159.837334800927,0
1419278400,168.451390300862,0
1419282000,178.231041989538,0
1419285600,120.249657160147,0
1419289200,64.1616332461987,0
1419292800,-27.794309683627,0
1419296400,-142.540768693294,0
1419300000,-147.87018833853,0
1419303600,-173.435564765696,0
1419307200,-69.6805942126292,0
1419310800,29.4108239329396,0
1419314400,112.810789968417,0
1419318000,239.542811886483,0
1419321600,338.068351186611,0
1419325200,388.2738380733,0
1419328800,415.381847888985,0
1419332400,384.191765197009,0
1419336000,259.639595235855,0
1419339600,157.074535790947,0
1419343200,95.7870789153164,0
1419346800,35.8668578330039,0
1419350400,14.8219747340085,0
1419354000,20.3129644531837,0
1419357600,122.399830842472,0
1419361200,123.67705744526,0
1419364800,168.162737218585,0
1419368400,162.141735102317,0
1419372000,117.264930787346,0
1419375600,36.0164530051018,0
1419379200,-93.635919679506,0
1419382800,-175.276685666808,0
1419386400,-188.570903026395,0
1419390000,-230.542932662947,0
1419393600,-164.288174972995,0
1419397200,-48.9680791343938,0
1419400800,58.2455220336836,0
1419404400,160.202843703591,0
1419408000,283.475538944314,0
1419411600,371.283248159919,0
1419415200,325.123616104081,0
1419418800,261.641166822276,0
1419422400,167.985930255554,0
1419426000,107.928635206993,0
1419429600,14.183871260529,0
1419433200,-70.3884734235544,0
1419436800,-45.2703028034334,0
1419440400,-88.5774312327128,0
1419444000,-12.0134006036844,0
1419447600,42.7010798608653,0
1419451200,64.7107544010328,0
1419454800,79.7779694557254,0
1419458400,-14.2355951313869,0
1419462000,-65.0368464375638,0
1419465600,-130.224719716915,0
1419469200,-266.462323928777,0
1419472800,-341.635756385312,0
1419476400,-347.587851870687,0
1419480000,-305.810857643695,0
1419483600,-177.979476352895,0
1419487200,-62.4160092844809,0
1419490800,53.1977194185836,0
1419494400,162.469892748187,0
1419498000,182.69982974339,0
1419501600,204.699319316576,0
1419505200,177.533057156568,0
1419508800,80.7790575038443,0
1419512400,-23.0269921667323,0
1419516000,-110.939094506409,0
1419519600,-137.889212818181,0
1419523200,-156.226906676725,0
1419526800,-102.492914885286,0
1419530400,-105.150304774963,0
1419534000,-60.3116100687687,0
1419537600,-45.7986606838818,0
1419541200,-53.1189636025218,0
1419544800,-113.871150501014,0
1419548400,-192.012763593742,0
1419552000,-245.198264859023,0
1419555600,-334.194295315853,0
1419559200,-378.02530985553,0
1419562800,-383.946974536491,0
1419566400,-348.29504009798,0
1419570000,-227.431181284895,0
1419573600,-70.9553541241797,0
1419577200,-16.2925190812927,0
1419580800,99.6731026514867,0
1419584400,162.334846440897,0
1419588000,155.574448538094,0
1419591600,120.584594138187,0
1419595200,25.0848173593342,0
1419598800,-41.152974095169,0
1419602400,-125.557034301687,0
1419606000,-192.110723347833,0
1419609600,-191.789092800824,0
1419613200,-138.035254849686,0
1419616800,-136.37149347063,0
1419620400,-60.2619507105139,0
1419624000,-84.4262041896218,0
1419627600,-61.1712964510866,0
1419631200,-91.0614698222286,0
1419634800,-184.645885557323,0
1419638400,-264.375898344857,0
1419642000,-347.205409819089,0
1419645600,-394.097431360635,0
1419649200,-366.914403817461,0
1419652800,-323.17161408926,0
1419656400,-243.262347794571,0
1419660000,-105.829266386776,0
1419663600,-2.98304673739592,0
1419667200,110.593363689795,0
1419670800,215.002417245039,0
1419674400,171.860754919062,0
1419678000,162.125576062467,0
1419681600,103.159309509891,0
1419685200,-6.80605559812386,0
1419688800,-100.993817905553,0
1419692400,-146.990272039392,0
1419696000,-121.265406842575,0
1419699600,-127.467336073842,0
1419703200,-80.8487384791271,0
1419706800,-8.46774692140558,0
1419710400,-28.9461521836373,0
1419714000,-18.3011810611557,0
1419717600,-28.2992002408594,0
1419721200,-102.55695244014,0
1419724800,-209.050963150322,0
1419728400,-263.337811814127,0
1419732000,-320.582490989181,0
1419735600,-278.832512665551,0
1419739200,-233.265777363164,0
1419742800,-147.569751766681,0
1419746400,-2.39803696347229,0
1419750000,87.4013673182707,0
1419753600,213.371039741983,0
1419757200,304.829205378159,0
1419760800,301.793627822484,0
1419764400,220.478677129885,0
1419768000,138.459256216436,0
1419771600,51.234158025696,0
1419775200,36.0007255996553,0
1419778800,-47.987988259647,0
1419782400,-6.69959219506761,0
1419786000,-13.3035594863402,0
1419789600,37.9104219474985,0
1419793200,102.573372539962,0
1419796800,124.589287001316,0
1419800400,110.953668003905,0
1419804000,58.1157973132447,0
1419807600,-4.24839053318793,0
1419811200,-64.6181626301609,0
1419814800,-145.045790751072,0
1419818400,-220.59959290823,0
1419822000,-201.756192009691,0
1419825600,-137.807115675381,0
1419829200,-16.9056765334509,0
1419832800,114.173507811584,0
1419836400,209.797482736038,0
1419840000,330.360948591935,0
1419843600,384.063900462396,0
1419847200,430.11275111037,0
1419850800,333.276368865455,0
1419854400,299.719946890471,0
1419858000,174.497152321217,0
1419861600,150.634151778939,0
1419865200,25.4004794787274,0
1419868800,43.2279905996373,0
1419872400,95.625710188106,0
1419876000,109.252990196906,0
1419879600,190.162730192036,0
1419883200,176.166367521386,0
1419886800,222.16872363529,0
1419890400,162.345203109727,0
1419894000,36.7894540326188,0
1419897600,-40.4915084348154,0
1419901200,-102.250980330451,0
1419904800,-121.815059667808,0
1419908400,-152.095885395244,0
1419912000,-83.6900966831787,0
1419915600,12.44108599346,0
1419919200,132.17752061621,0
1419922800,231.21642744943,0
1419926400,362.858050859703,0
1419930000,423.587238532686,0
1419933600,351.601227794993,0
1419937200,347.34318904435,0
1419940800,280.384736521569,0
1419944400,188.275213428106,0
1419948000,80.7030001412903,0
1419951600,45.2193090085354,0
1419955200,5.25991226815628,0
1419958800,70.8265351147331,0
1419962400,116.731277203237,0
1419966000,120.315347038201,0
1419969600,209.275140996272,0
1419973200,142.82876622795,0
1419976800,80.3946514697358,0
1419980400,42.1901010486631,0
1419984000,-103.266514641137,0
1419987600,-149.986293518124,0
1419991200,-249.812056252478,0
1419994800,-228.347142278368,0
1419998400,-156.814352762192,0
1420002000,-66.9719200748282,0
1420005600,80.853179029188,0
1420009200,197.106994622542,0
1420012800,260.55272226278,0
1420016400,330.99532696392,0
1420020000,318.846088000832,0
1420023600,293.876335690134,0
1420027200,205.01512640087,0
1420030800,45.5778480232668,0
1420034400,20.7939415953962,0
1420038000,-71.0801770658646,0
1420041600,-71.1369047113347,0
1420045200,-87.7436142288287,0
1420048800,-17.2550046037308,0
1420052400,48.4629135481751,0
1420056000,61.0627914596215,0
1420059600,79.4997781474848,0
1420063200,4.87407476560779,0
1420066800,-72.3008305493667,0
1420070400,-178.345206346699,0
1420074000,-292.532306972489,0
1420077600,-316.477712235374,0
1420081200,-330.148288116864,0
1420084800,-268.291672338603,0
1420088400,-161.154764726258,0
1420092000,-60.5719254212373,0
1420095600,42.0675748329203,0
1420099200,167.659814165119,0
1420102800,210.16920298,0
1420106400,224.056968974281,0
1420110000,113.781469572052,0
1420113600,90.8568566274906,0
1420117200,-7.4201226914258,0
1420120800,-137.654513421681,0
1420124400,-120.115303874427,0
1420128000,-141.875539575671,0
1420131600,-133.59092822516,0
1420135200,-122.63857064495,0
1420138800,-46.9796431994093,0
1420142400,-42.3769618604433,0
1420146000,-85.8406888672536,0
1420149600,-107.876447091227,0
1420153200,-157.74369530411,0
1420156800,-252.53452378944,0
1420160400,-355.476472682963,0
1420164000,-353.975835912013,0
1420167600,-394.181082556395,0
1420171200,-305.459471711297,0
1420174800,-254.285688313713,0
1420178400,-149.784438922031,0
1420182000,-31.8247666234244,0
1420185600,79.3007119238773,0
1420189200,108.221736083846,0
1420192800,159.453511403786,0
1420196400,109.080904252107,0
1420200000,45.2145158545133,0
1420203600,-72.6346165874983,0
1420207200,-146.376061336374,0
1420210800,-215.747092560183,0
1420214400,-174.48785384682,0
1420218000,-169.244043562981,0
1420221600,-118.880795476504,0
1420225200,-109.56109355235,0
1420228800,-103.993807997625,0
1420232400,-45.2705130523669,0
1420236000,-90.7803213347002,0
1420239600,-168.986424897065,0
1420243200,-276.108030807447,0
1420246800,-352.777962970967,0
1420250400,-357.437927773688,0
1420254000,-391.328045397972,0
1420257600,-337.392370352102,0
1420261200,-214.942043032212,0
1420264800,-74.2670972046825,0
1420268400,24.8847793922983,0
1420272000,147.964371086741,0
1420275600,177.734517271639,0
1420279200,214.333661910527,0
1420282800,124.248106485988,0
1420286400,99.066827680619,0
1420290000,-17.710700546793,0
1420293600,-82.9162448931035,0
1420297200,-110.643008215614,0
1420300800,-146.323825045364,0
1420304400,-101.904305358445,0
1420308000,-67.8129742091402,0
1420311600,9.23351204379887,0
1420315200,55.9507486424525,0
1420318800,8.53390259884714,0
1420322400,-49.1335301652169,0
1420326000,-98.0666215946432,0
1420329600,-182.831590875951,0
1420333200,-235.259809200536,0
1420336800,-299.434031893334,0
1420340400,-288.353570672131,0
1420344000,-235.018645356525,0
1420347600,-124.241049574094,0
1420351200,-1.02984974585186,0
1420354800,109.41614603198,0
1420358400,259.11731392498,0
1420362000,303.668305865148,0
1420365600,295.506861848445,0
1420369200,258.617665710185,0
1420372800,174.650688957178,0
1420376400,93.7520342878369,0
1420380000,21.7195457580858,0
1420383600,-46.3057985141405,0
1420387200,-38.1252410306407,0
1420390800,-10.1749000280869,0
1420394400,67.8037158832688,0
1420398000,109.344282734093,0
1420401600,95.6570746941106,0
1420405200,107.802422872098,0
1420408800,31.9498883908375,0
1420412400,-15.1076707036806,0
1420416000,-58.2966826556789,0
1420419600,-122.438635085082,0
1420423200,-217.335950016277,0
1420426800,-201.309437042596,0
1420430400,-143.009268998151,0
1420434000,-20.8299712699631,0
1420437600,90.8666081223486,0
1420441200,234.068414231472,0
1420444800,317.640492402976,0
1420448400,400.581403157331,0
1420452000,373.106558953935,0
1420455600,346.683403851858,0
1420459200,285.775637264351,0
1420462800,174.516550433113,0
1420466400,113.419768020709,0
1420470000,62.3089683982916,0
1420473600,38.1977476549589,0
1420477200,74.6421147727583,0
1420480800,128.991331788102,0
1420484400,174.859140927708,0
1420488000,229.718400289909,0
1420491600,184.665853457129,0
1420495200,130.269325725825,0
1420498800,61.506193569292,0
1420502400,-45.3847348089085,0
1420506000,-108.755380040905,0
1420509600,-132.747482988437,0
1420513200,-160.655914224409,0
1420516800,-95.1747171646885,0
1420520400,0.972822140864772,0
1420524000,115.314542842018,0
1420527600,248.542592225511,0
1420531200,390.075384221728,0
1420534800,386.933767096364,0
1420538400,384.538923825384,0
1420542000,347.919390451679,0
1420545600,265.124790599602,0
1420549200,167.791417005054,0
1420552800,102.234267305486,0
1420556400,70.1120779622408,0
1420560000,13.3273618167916,0
1420563600,67.0981528549572,0
1420567200,102.569952457216,0
1420570800,160.477655045583,0
1420574400,138.948333345925,0
1420578000,145.827036475872,0
1420581600,79.4553476956222,0
1420585200,29.6629262353813,0
1420588800,-83.6774561884378,0
1420592400,-167.608762586332,0
1420596000,-205.467766943994,0
1420599600,-175.086931540107,0
1420603200,-188.584829882226,0
1420606800,-62.9892043830695,0
1420610400,50.3108150562386,0
1420614000,163.998456167425,0
1420617600,310.343578914595,0
1420621200,298.055323600349,0
1420624800,304.816600575495,0
1420628400,269.965468398634,0
1420632000,142.98858034332,0
1420635600,104.232205466066,0
1420639200,-16.6105904533312,0
1420642800,-55.9383967821036,0
1420646400,-75.7292175101884,0
1420650000,-34.509851912323,0
1420653600,6.49861208143962,0
1420657200,70.2952882687701,0
1420660800,50.8666885142342,0
1420664400,79.0044105461708,0
1420668000,-10.9446143482239,0
1420671600,-135.534969700087,0
1420675200,-193.574929650614,0
1420678800,-300.428595635798,0
1420682400,-309.73409673325,0
1420686000,-327.30606963303,0
1420689600,-258.122746633616,0
1420693200,-163.401042018132,0
1420696800,-44.4702308713241,0
1420700400,73.1116814966431,0
1420704000,173.984480010365,0
1420707600,167.452871081194,0
1420711200,198.703163742509,0
1420714800,149.692038183146,0
1420718400,84.9598457367985,0
1420722000,-25.1793085090271,0
1420725600,-85.2996764706192,0
1420729200,-113.847229109543,0
1420732800,-173.653070464155,0
1420736400,-154.879627559358,0
1420740000,-109.978654686171,0
1420743600,-60.9540175745388,0
1420747200,-46.7815091815788,0
1420750800,-25.2117048730302,0
1420754400,-84.512267571282,0
1420758000,-171.931371509238,0
1420761600,-269.972473314375,0
1420765200,-343.022655630611,0
1420768800,-374.662263024141,0
1420772400,-403.951097549999,0
1420776000,-363.180647227898,0
1420779600,-269.833247647691,0
1420783200,-114.220670040124,0
1420786800,-8.07628627949401,0
1420790400,82.0679056037458,0
1420794000,161.773785344443,0
1420797600,138.531833838885,0
1420801200,112.081492819426,0
1420804800,32.2694499210711,0
1420808400,-32.8882661507944,0
1420812000,-161.265473659566,0
1420815600,-168.728871757364,0
1420819200,-191.394823192289,0
1420822800,-169.850248780746,0
1420826400,-129.265212978148,0
1420830000,-96.4349278579372,0
1420833600,-48.3898171240915,0
1420837200,-75.878471404368,0
1420840800,-119.083272718857,0
1420844400,-211.405461747499,0
1420848000,-241.886159375347,0
1420851600,-346.684575809866,0
1420855200,-400.94206023053,0
1420858800,-346.957390668628,0
1420862400,-319.847874285363,0
1420866000,-210.5005107013,0
1420869600,-96.7219735639797,0
1420873200,34.991218824656,0
1420876800,130.628003889997,0
1420880400,194.61511110865,0
1420884000,209.201316983881,0
1420887600,155.181661533337,0
1420891200,66.4100605031751,0
1420894800,-22.7879321226004,0
1420898400,-98.5040217778448,0
1420902000,-136.57903780998,0
1420905600,-121.14411177835,0
1420909200,-103.947598436177,0
1420912800,-60.5480682344216,0
1420916400,-1.6917268372739,0
1420920000,35.5303721470569,0
1420923600,68.8547878573338,0
1420927200,-63.8640677882906,0
1420930800,-90.6511583297371,0
1420934400,-165.221560217888,0
1420938000,-259.678507854507,0
1420941600,-293.019178269414,0
1420945200,-274.760154882651,0
1420948800,-262.267201783915,0
1420952400,-104.51852691268,0
1420956000,-2.5146487550789,0
1420959600,117.628319501044,0
1420963200,221.092168346806,0
1420966800,222.607339110676,0
1420970400,333.107329699594,0
1420974000,272.906825310549,0
1420977600,185.678402914628,0
1420981200,107.08893784697,0
1420984800,28.5129081336055,0
1420988400,-18.8542734057887,0
1420992000,-25.0698243185807,0
1420995600,-19.023345992264,0
1420999200,94.6140347234985,0
1421002800,115.890084434284,0
1421006400,111.456009147799,0
1421010000,105.952382693468,0
1421013600,74.5965209901031,0
1421017200,33.6285199247864,0
1421020800,-78.2450394634699,0
1421024400,-148.632121274216,0
1421028000,-182.256991571685,0
1421031600,-195.221704000727,0
1421035200,-145.120882192119,0
1421038800,388.601926632684,1
1421042400,112.793737010944,0
1421046000,235.798968408029,0
1421049600,323.657542507124,0
1421053200,363.526320111248,0
1421056800,369.881063110437,0
1421060400,335.954343291399,0
1421064000,284.427204742566,0
1421067600,159.738865988477,0
1421071200,92.1373932385003,0
1421074800,13.4881775973658,0
1421078400,49.6811389917042,0
1421082000,80.7315897682478,0
1421085600,130.528907176165,0
1421089200,166.03963304515,0
1421092800,180.627880023848,0
1421096400,157.401677460167,0
1421100000,165.605707709599,0
1421103600,77.4437958606204,0
1421107200,-11.1562902331987,0
1421110800,-153.900398121602,0
1421114400,-196.682795105147,0
1421118000,-155.672097347812,0
1421121600,-89.6570712318633,0
1421125200,13.032524493154,0
1421128800,112.315201351488,0
1421132400,228.107939464791,0
1421136000,334.907565920399,0
1421139600,380.664189417223,0
1421143200,366.947848925015,0
1421146800,357.552838856172,0
1421150400,280.863727923584,0
1421154000,202.781685524352,0
1421157600,106.424346326745,0
1421161200,35.6628806210864,0
1421164800,22.5098967675337,0
1421168400,47.0990543350244,0
1421172000,112.181564241865,0
1421175600,137.945014541577,0
1421179200,150.772551477909,0
1421182800,148.416295724227,0
1421186400,87.2967954993013,0
1421190000,-15.9972653476152,0
1421193600,-72.4818884022441,0
1421197200,-155.115742511203,0
1421200800,-238.011623979661,0
1421204400,-194.60371670353,0
1421208000,-170.18423287815,0
1421211600,-41.6925778201702,0
1421215200,41.1580127811107,0
1421218800,137.885665145523,0
1421222400,260.461411510428,0
1421226000,291.706367481956,0
1421229600,319.311821588299,0
1421233200,299.903313962575,0
1421236800,176.811503802545,0
1421240400,93.6829283927246,0
1421244000,4.70616890975836,0
1421247600,-23.4487243488065,0
1421251200,-49.8703853748623,0
1421254800,-46.1704841840985,0
1421258400,-32.3748932620594,0
1421262000,77.9109398145661,0
1421265600,84.7050074424031,0
1421269200,-9.65720190768285,0
1421272800,-6.71887583024393,0
1421276400,-97.7862176603178,0
1421280000,-216.394181089006,0
1421283600,-294.40909112279,0
1421287200,-313.633911735494,0
1421290800,-319.026339038017,0
1421294400,-295.747721801314,0
1421298000,-138.929667291736,0
1421301600,-24.7249163525392,0
1421305200,94.618100792305,0
1421308800,164.207892851469,0
1421312400,174.397211738134,0
1421316000,224.463905273863,0
1421319600,188.083898713495,0
1421323200,72.4411215273939,0
1421326800,14.5219093751307,0
1421330400,-103.813709604175,0
1421334000,-163.391936435352,0
1421337600,-175.829741066408,0
1421341200,-123.579716868964,0
1421344800,-92.468333734195,0
1421348400,-68.7123819669342,0
1421352000,-30.809729409402,0
1421355600,-80.2202030157359,0
1421359200,-91.1668950624573,0
1421362800,-177.288259066006,0
1421366400,-260.28620543458,0
1421370000,-326.232411753104,0
1421373600,-421.148634915625,0
1421377200,-362.16710676811,0
1421380800,-357.202921312019,0
1421384400,-212.091188314608,0
1421388000,-144.538378172222,0
1421391600,43.0956284635039,0
1421395200,120.956083042577,0
1421398800,187.361261511599,0
1421402400,162.465350943846,0
1421406000,106.726593521763,0
1421409600,19.7048983991469,0
1421413200,-58.8176474168829,0
1421416800,-117.211495492033,0
1421420400,-210.595773405027,0
1421424000,-191.839753105631,0
1421427600,-185.730246210535,0
1421431200,-117.460187517765,0
1421434800,-56.8323029848897,0
1421438400,-42.1427022141389,0
1421442000,-14.4084076333946,0
1421445600,-62.7332812149424,0
1421449200,-155.120081591104,0
1421452800,-278.644397181653,0
1421456400,-347.108977344304,0
1421460000,-372.786567980923,0
1421463600,-381.75465185511,0
1421467200,-309.320224278807,0
1421470800,-177.934535720526,0
1421474400,-96.634762735883,0
1421478000,36.646211142639,0
1421481600,114.131725673176,0
1421485200,207.469056715144,0
1421488800,197.727974655994,0
1421492400,109.310596226147,0
1421496000,63.4019259343532,0
1421499600,8.18360146102604,0
1421503200,-97.9651656999727,0
1421506800,-160.299135936259,0
1421510400,-123.577995289707,0
1421514000,-133.722289450759,0
1421517600,-40.1493421936972,0
1421521200,-23.0152485652321,0
1421524800,25.050724930048,0
1421528400,7.81719437630733,0
1421532000,-35.8847098619948,0
1421535600,-94.8298140966773,0
1421539200,-155.860092498078,0
1421542800,-257.358003304988,0
1421546400,-254.906733593303,0
1421550000,-313.688347436878,0
1421553600,-222.223841681774,0
1421557200,-176.129302869988,0
1421560800,-29.6519179002344,0
1421564400,100.253272322556,0
1421568000,275.2001853157,0
1421571600,275.568544538264,0
1421575200,291.44914515995,0
1421578800,251.882502221038,0
1421582400,179.83034868636,0
1421586000,57.591571369429,0
1421589600,22.7385499940306,0
1421593200,-21.8661926018171,0
1421596800,-50.2518398097928,0
1421600400,-3.70330211544823,0
1421604000,71.2272564268877,0
1421607600,101.154989104545,0
1421611200,146.031355614487,0
1421614800,116.034095268248,0
1421618400,127.352066132935,0
1421622000,6.76342672618397,0
1421625600,-44.3115554390094,0
1421629200,-123.222642092624,0
1421632800,-173.9339001911,0
1421636400,-182.67546166405,0
1421640000,-123.810396273366,0
1421643600,-17.0081399647503,0
1421647200,90.9274665102866,0
1421650800,228.096477325064,0
1421654400,329.317030187545,0
1421658000,779.69675670769,1
1421661600,417.650654253426,0
1421665200,327.27853909664,0
1421668800,272.351330956318,0
1421672400,188.172977071491,0
1421676000,125.679397994223,0
1421679600,52.9246874447985,0
1421683200,44.8454132845543,0
1421686800,76.3666788260968,0
1421690400,107.695534383918,0
1421694000,159.053142113781,0
1421697600,202.032762756373,0
1421701200,175.179071952371,0
1421704800,130.940394250859,0
1421708400,17.9474267431937,0
1421712000,-21.1948884590258,0
1421715600,-113.865139673973,0
1421719200,-175.087965020425,0
1421722800,-177.714191670925,0
1421726400,-97.0913594494223,0
1421730000,4.52303461739305,0
1421733600,99.3726389738491,0
1421737200,253.009897905366,0
1421740800,376.498024273966,0
1421744400,366.73599971461,0
1421748000,406.009618111685,0
1421751600,318.253529669106,0
1421755200,236.157071496582,0
1421758800,209.235651977327,0
1421762400,87.3153735291625,0
1421766000,54.7211223066259,0
1421769600,43.6080023596554,0
1421773200,29.4758488950755,0
1421776800,88.6265115167358,0
1421780400,146.789073965674,0
1421784000,165.991344567901,0
1421787600,107.130506232884,0
1421791200,119.213322941866,0
1421794800,31.3731314855107,0
1421798400,-90.3351583890024,0
1421802000,-188.841629968775,0
1421805600,-227.265503709922,0
1421809200,-217.459195010485,0
1421812800,-144.475731158446,0
1421816400,-73.5316417438404,0
1421820000,22.3161164370564,0
1421823600,202.880191965128,0
1421827200,218.773806379734,0
1421830800,326.356133201047,0
1421834400,303.983594102093,0
1421838000,264.001876705714,0
1421841600,205.947129688174,0
1421845200,77.847907582161,0
1421848800,11.1691943695058,0
1421852400,-35.9839589918972,0
1421856000,-75.5114361791472,0
1421859600,-33.1167799137262,0
1421863200,43.4133976971585,0
1421866800,5.23057784717314,0
1421870400,85.5724129016625,0
1421874000,24.0724361629506,0
1421877600,9.07696729389648,0
1421881200,-84.6786668737712,0
1421884800,-204.783014262291,0
1421888400,-235.836673717458,0
1421892000,-318.236896385068,0
1421895600,-316.163152529277,0
1421899200,-274.350124076482,0
1421902800,-168.057574243919,0
1421906400,-58.4438425341973,0
1421910000,67.2271469116309,0
1421913600,166.403026622167,0
1421917200,231.633076295955,0
1421920800,213.526842482358,0
1421924400,149.383007126357,0
1421928000,69.2796117362822,0
1421931600,-26.5488253172633,0
1421935200,-101.239553673369,0
1421938800,-129.132687393679,0
1421942400,-195.552693939079,0
1421946000,-117.800979830561,0
1421949600,-117.163234526252,0
1421953200,-14.4587759462016,0
1421956800,-58.6392997690605,0
1421960400,-30.2623538550599,0
1421964000,-115.442485366089,0
1421967600,-159.231998191169,0
1421971200,-295.110401999672,0
1421974800,-354.647754639808,0
1421978400,-381.059885593795,0
1421982000,-402.159962924381,0
1421985600,-336.625781705171,0
1421989200,-275.170874659424,0
1421992800,-149.384399226672,0
1421996400,17.6357494983616,0
1.422e+09,106.519104362923,0
1422003600,151.914384318967,0
1422007200,169.59032234028,0
1422010800,95.1567361718801,0
1422014400,1.05177479953987,0
1422018000,-54.4738289071561,0
1422021600,-166.606865611803,0
1422025200,-201.985629816133,0
1422028800,-164.803906770178,0
1422032400,-160.613291018523,0
1422036000,-91.7885217593964,0
1422039600,-80.631264544512,0
1422043200,-88.5822264038119,0
1422046800,-77.5077413478648,0
1422050400,-104.782091924479,0
1422054000,-154.974652741633,0
1422057600,-306.723027199098,0
1422061200,-325.495637585306,0
1422064800,-379.236361482005,0
1422068400,-401.371644298339,0
1422072000,-328.665144788638,0
1422075600,-197.7681581297,0
1422079200,-72.5637303301374,0
1422082800,37.4245789484396,0
1422086400,145.420135447298,0
1422090000,153.248308194195,0
1422093600,218.090753456754,0
1422097200,186.412911828558,0
1422100800,90.5651641992666,0
1422104400,-47.7344021871341,0
1422108000,-112.434094942226,0
1422111600,-126.527060593229,0
1422115200,-551.547624033956,1
1422118800,-73.6002373116575,0
1422122400,-68.0275157048333,0
1422126000,-43.2801093920892,0
1422129600,3.35547189071238,0
1422133200,9.52480537131513,0
1422136800,-43.0138607258065,0
1422140400,-79.9892404766466,0
1422144000,-195.264853749648,0
1422147600,-255.274019600313,0
1422151200,-270.271606712673,0
1422154800,-287.605998588318,0
1422158400,-234.995357397248,0
1422162000,-130.093309163936,0
1422165600,-0.358922383975546,0
1422169200,116.342241318649,0
1422172800,229.322296477068,0
1422176400,287.572169656084,0
1422180000,284.645121391126,0
1422183600,251.20571680362,0
1422187200,171.251988523522,0
1422190800,101.662713974551,0
1422194400,2.94746011633683,0
1422198000,-26.6026883368077,0
1422201600,-14.2674738707856,0
1422205200,27.7798501692904,0
1422208800,44.8693763055718,0
1422212400,85.3110154010392,0
1422216000,146.299186930754,0
1422219600,112.441986088186,0
1422223200,45.2539388634003,0
1422226800,39.2818313889288,0
1422230400,-51.9243247825114,0
1422234000,-150.012745475482,0
1422237600,-132.493133236387,0
1422241200,-175.347233095804,0
1422244800,-140.274079596915,0
1422248400,-54.4792851247577,0
1422252000,94.1227773004311,0
1422255600,206.60750453523,0
1422259200,310.096150699335,0
1422262800,378.626685997313,0
1422266400,394.787191251872,0
1422270000,365.974404570988,0
1422273600,269.996024212403,0
1422277200,154.004224781994,0
1422280800,141.765027261234,0
1422284400,37.8814170990687,0
1422288000,68.841852156434,0
1422291600,83.049716309619,0
1422295200,137.42200763763,0
1422298800,183.609851328006,0
1422302400,192.150195556153,0
1422306000,212.360636007582,0
1422309600,142.738296786527,0
1422313200,98.7550156445667,0
1422316800,-16.3163903366678,0
1422320400,-86.5007484058386,0
1422324000,-154.230251831427,0
1422327600,-152.688012090197,0
1422331200,-97.2191120667407,0
1422334800,-2.88170111048919,0
1422338400,152.043277008223,0
1422342000,240.297313172643,0
1422345600,342.657602147807,0
1422349200,407.165249207915,0
1422352800,375.123657282074,0
1422356400,348.911180604426,0
1422360000,238.762527999105,0
1422363600,175.378845740147,0
1422367200,151.298201704767,0
1422370800,19.8455883656385,0
1422374400,38.8134721745615,0
1422378000,44.5970536431094,0
1422381600,86.7771847510786,0
1422385200,122.731672282456,0
1422388800,159.573992089402,0
1422392400,132.301101642906,0
1422396000,106.331683507845,0
1422399600,29.8239375322325,0
1422403200,-106.47869249903,0
1422406800,-148.258512343029,0
1422410400,-216.690015468513,0
1422414000,-227.750438902819,0
1422417600,-129.318934763899,0
1422421200,-31.1020871888284,0
1422424800,25.2520759720975,0
1422428400,187.963085295063,0
1422432000,316.500052548737,0
1422435600,376.931524170847,0
1422439200,321.779751114714,0
1422442800,249.875336726595,0
1422446400,194.212413616895,0
1422450000,100.625786897483,0
1422453600,-34.9089136636583,0
1422457200,-45.8650185621238,0
1422460800,-45.5635227807149,0
1422464400,-30.7649262340985,0
1422468000,-15.9479172393857,0
1422471600,34.3862866912898,0
1422475200,79.934121375729,0
1422478800,41.4344654986185,0
1422482400,16.95459704561,0
1422486000,-117.428794190225,0
1422489600,-161.713270431446,0
1422493200,-266.665413362395,0
1422496800,-280.022088055865,0
1422500400,-282.088060744306,0
1422504000,-277.820211512572,0
1422507600,-170.143959331808,0
1422511200,-56.0536443182281,0
1422514800,54.7584530287184,0
1422518400,156.623538626496,0
1422522000,194.980418440975,0
1422525600,202.229266860673,0
1422529200,170.452404945691,0
1422532800,77.3047294292842,0
1422536400,-15.1630146034599,0
1422540000,-112.18950729795,0
1422543600,-183.57581070939,0
1422547200,-148.418177598142,0
1422550800,-167.845133748657,0
1422554400,-77.4747696037718,0
1422558000,-28.8936644378822,0
1422561600,-39.9217804432419,0
1422565200,-39.6571621776173,0
1422568800,-75.5264059168705,0
1422572400,-193.431640164138,0
1422576000,-234.555775547976,0
1422579600,-387.848600845515,0
1422583200,-425.357656391616,0
1422586800,-401.5608007746,0
1422590400,-336.866417460116,0
1422594000,-241.251725012996,0
1422597600,-118.941342805406,0
1422601200,12.075738078448,0
1422604800,55.1753185905743,0
1422608400,154.516132648622,0
1422612000,181.637869459314,0
1422615600,93.6541444368768,0
1422619200,34.9892333138791,0
1422622800,-75.2757875090193,0
1422626400,-126.236716579279,0
1422630000,-166.352003150289,0
1422633600,-198.188704581692,0
1422637200,-212.740397495166,0
1422640800,-134.619170977557,0
1422644400,-63.1436007828188,0
1422648000,-56.1055935993138,0
1422651600,-37.9019067610765,0
1422655200,-121.331914878583,0
1422658800,-140.599136947972,0
1422662400,-248.657013878301,0
1422666000,-363.298748982992,0
1422669600,-437.170910147193,0
1422673200,-404.712073628926,0
1422676800,-313.098327151826,0
1422680400,-216.761835590825,0
1422684000,-72.9568336922139,0
1422687600,31.0943686025985,0
1422691200,103.190481041982,0
1422694800,162.121130337162,0
1422698400,186.970611597881,0
1422702000,171.890646957267,0
1422705600,69.7121571563546,0
1422709200,-19.8032816408385,0
1422712800,-78.9031629652025,0
1422716400,-166.872206638274,0
1422720000,-118.71268387233,0
1422723600,-148.895519450776,0
1422727200,-25.7950621737707,0
1422730800,11.4919726531463,0
1422734400,1.27562394305426,0
1422738000,-15.4802596509427,0
1422741600,10.7229970688774,0
1422745200,-79.1963926733035,0
1422748800,-195.67113501735,0
1422752400,-274.383792327563,0
1422756000,-327.007730473429,0
1422759600,-284.134971217147,0
1422763200,-225.381682823413,0
1422766800,-118.523577544003,0
