1416722400,-0.520779784955221,0
1416726000,346.437457747142,0
1416729600,603.262587541244,0
1416733200,739.269306505714,0
1416736800,754.582635527162,0
1416740400,610.513571670458,0
1416744000,374.427876501005,0
1416747600,156.250722983933,0
1416751200,-60.0346459747907,0
1416754800,-149.985388837234,0
1416758400,-141.133795368405,0
1416762000,-16.3587806839378,0
1416765600,148.119640445246,0
1416769200,346.545541543535,0
1416772800,418.330939537178,0
1416776400,447.261060048578,0
1416780000,330.973660841147,0
1416783600,146.997265989919,0
1416787200,-121.782721448862,0
1416790800,-309.928217067109,0
1416794400,-440.814897262274,0
1416798000,-1447.68491474922,1
1416801600,-326.693556301724,0
1416805200,-53.3908629806826,0
1416808800,264.64298846378,0
1416812400,598.073730222823,0
1416816000,867.103956530655,0
1416819600,985.589168918417,0
1416823200,997.059758656013,0
1416826800,844.512965221995,0
1416830400,634.019531740996,0
1416834000,382.059267085352,0
1416837600,197.059940019871,0
1416841200,87.3832000117951,0
1416844800,79.8644955326342,0
1416848400,176.234538793661,0
1416852000,343.067534023527,0
1416855600,534.727466646992,0
1416859200,633.105116367421,0
1416862800,606.594090699748,0
1416866400,553.702300390274,0
1416870000,313.214768809008,0
1416873600,85.366172250317,0
1416877200,-161.649364669534,0
1416880800,-287.61587526225,0
1416884400,-308.882095032648,0
1416888000,-194.641935263408,0
1416891600,75.2208512346796,0
1416895200,386.881228528944,0
1416898800,727.517969809118,0
1416902400,967.116999693736,0
1416906000,1116.14506777692,0
1416909600,1087.96340966535,0
1416913200,937.109792062461,0
1416916800,1671.37451737062,1
1416920400,442.782175800562,0
1416924000,236.743034662114,0
1416927600,113.567916287766,0
1416931200,119.398453555915,0
1416934800,228.703820876552,0
1416938400,388.573464949526,0
1416942000,543.148335240473,0
1416945600,652.695369827824,0
1416949200,655.648246635783,0
1416952800,501.721087977424,0
1416956400,302.387612664053,0
1416960000,62.0600150839244,0
1416963600,-168.107214027736,0
1416967200,-336.533495095856,0
1416970800,-357.140062117163,0
1416974400,-210.337761118552,0
1416978000,24.4057476684449,0
1416981600,347.796866669477,0
1416985200,637.127735328042,0
1416988800,918.723795634698,0
1416992400,1012.85829346551,0
1416996000,1005.85750691349,0
1416999600,855.773501853544,0
1417003200,592.319268666841,0
1417006800,357.941900947604,0
1417010400,130.992354125953,0
1417014000,17.2681459072257,0
1417017600,22.1827354812552,0
1417021200,110.018737879752,0
1417024800,258.190415122628,0
1417028400,414.657998591838,0
1417032000,500.695803494529,0
1417035600,498.269970194274,0
1417039200,380.347137032617,0
1417042800,153.873050766872,0
1417046400,-94.0979857235753,0
1417050000,-336.27832850442,0
1417053600,-479.72464599994,0
1417057200,-521.939663611525,0
1417060800,-383.985869150392,0
1417064400,-137.23939894015,0
1417068000,180.484209721427,0
1417071600,517.237223260614,0
1417075200,736.337442793878,0
1417078800,875.8608749643,0
1417082400,846.547333523383,0
1417086000,703.1778559166,0
1417089600,454.686092103708,0
1417093200,207.298348265053,0
1417096800,-13.4574234462866,0
1417100400,-125.355686199535,0
1417104000,-142.750500087819,0
1417107600,-46.855104719614,0
1417111200,125.516665687867,0
1417114800,294.09043054412,0
1417118400,389.893781683075,0
1417122000,389.280578682412,0
1417125600,260.604183647563,0
1417129200,54.0989273884441,0
1417132800,-206.572946336001,0
1417136400,-437.009218205137,0
1417140000,-558.984205740145,0
1417143600,-607.040997867074,0
1417147200,-457.256865856031,0
1417150800,-210.401859641564,0
1417154400,112.220320443743,0
1417158000,429.315608303625,0
1417161600,698.366015385585,0
1417165200,810.375723784932,0
1417168800,808.88172454957,0
1417172400,659.668078604111,0
1417176000,441.085234695953,0
1417179600,169.40935097832,0
1417183200,-4.0478101940417,0
1417186800,-148.200289896168,0
1417190400,-124.710334036525,0
1417194000,-23.315220056603,0
1417197600,142.155406891269,0
1417201200,298.49839528635,0
1417204800,445.198678397479,0
1417208400,426.037437982765,0
1417212000,336.912397573927,0
1417215600,107.122559969103,0
1417219200,-127.591331163305,0
1417222800,-359.773969340421,0
1417226400,-493.050030520432,0
1417230000,-467.38700408638,0
1417233600,-371.866992535913,0
1417237200,-102.954397700351,0
1417240800,266.383655920375,0
1417244400,561.8222218229,0
1417248000,823.451541472053,0
1417251600,964.451621065363,0
1417255200,954.089437180588,0
1417258800,828.454385727798,0
1417262400,580.476458246323,0
1417266000,382.983747137632,0
1417269600,159.223489890421,0
1417273200,71.8090350725578,0
1417276800,73.1558361425272,0
1417280400,192.617758796611,0
1417284000,368.528222225774,0
1417287600,526.758061179701,0
1417291200,642.622557483433,0
1417294800,654.959294450327,0
1417298400,550.427442838233,0
1417302000,345.804338758797,0
1417305600,133.316396903807,0
1417309200,-104.709995436534,0
1417312800,-215.514450707215,0
1417316400,-231.134965256479,0
1417320000,-109.305110932506,0
1417323600,178.543120352974,0
1417327200,524.226761249798,0
1417330800,849.698817122883,0
1417334400,1081.93364883073,0
1417338000,1253.50676209786,0
1417341600,1262.55351675191,0
1417345200,1098.77204072796,0
1417348800,878.054422710744,0
1417352400,647.449999957906,0
1417356000,451.86798651035,0
1417359600,357.275594152922,0
1417363200,373.098588940015,0
1417366800,472.126612479404,0
1417370400,654.320102759395,0
1417374000,801.74844984914,0
1417377600,952.416008646266,0
1417381200,971.237693491732,0
1417384800,866.109310529599,0
1417388400,650.256529007122,0
1417392000,404.586986171221,0
1417395600,209.812182524495,0
1417399200,64.2874515149295,0
1417402800,29.7380722171957,0
1417406400,183.334619439257,0
1417410000,451.901461059454,0
1417413600,758.415689532831,0
1417417200,1095.60839129838,0
1417420800,1376.10753740334,0
1417424400,1509.38917318911,0
1417428000,1532.35294137017,0
1417431600,1362.40141254721,0
1417435200,1138.10518051378,0
1417438800,879.440960856194,0
1417442400,693.965044052003,0
1417446000,572.337819130963,0
1417449600,594.509252495573,0
1417453200,704.044200057044,0
1417456800,863.107281623655,0
1417460400,1043.68331152151,0
1417464000,1120.33459539006,0
1417467600,1128.31662605006,0
1417471200,1040.77097818683,0
1417474800,825.789915140811,0
1417478400,571.652727094396,0
1417482000,360.930537436803,0
1417485600,206.745606601073,0
1417489200,187.830800760587,0
1417492800,320.287742420553,0
1417496400,592.676036813046,0
1417500000,891.850230257762,0
1417503600,1216.25402966565,0
1417507200,1471.86553952126,0
1417510800,1586.93365849552,0
1417514400,1609.30765682306,0
1417518000,1429.31387284569,0
1417521600,1225.14260224257,0
1417525200,929.930208142257,0
1417528800,751.434927657913,0
1417532400,626.082165984906,0
1417536000,622.175598288635,0
1417539600,728.356186806747,0
1417543200,896.980484591533,0
1417546800,1042.85653623082,0
1417550400,1135.29305575635,0
1417554000,1142.50590205583,0
1417557600,1008.98600635733,0
1417561200,809.553902930364,0
1417564800,529.637155290163,0
1417568400,299.376559007935,0
1417572000,159.283884537631,0
1417575600,145.020399262462,0
1417579200,269.463878581554,0
1417582800,516.639759174768,0
1417586400,832.393496857804,0
1417590000,1135.50898483144,0
1417593600,1414.38623810446,0
1417597200,1499.41476437355,0
1417600800,1500.64086742791,0
1417604400,1339.11343371866,0
1417608000,1104.94497825131,0
1417611600,833.906827936643,0
1417615200,633.152534839191,0
1417618800,509.918436216715,0
1417622400,1497.68374045851,1
1417626000,568.162805972893,0
1417629600,759.240217550206,0
1417633200,893.575988111685,0
1417636800,1010.03081204999,0
1417640400,1014.88023303101,0
1417644000,876.883981085709,0
1417647600,658.335619439281,0
1417651200,409.738986677263,0
1417654800,188.419636341749,0
1417658400,19.0800668802777,0
1417662000,-14.0189267427066,0
1417665600,117.097486455984,0
1417669200,364.993430961239,0
1417672800,682.006939500988,0
1417676400,990.854669725827,0
1417680000,1248.49180462654,0
1417683600,1391.31521643736,0
1417687200,1351.41668211689,0
1417690800,1204.41734072139,0
1417694400,969.034140380369,0
1417698000,704.027342250774,0
1417701600,512.86762921075,0
1417705200,370.734676622772,0
1417708800,369.340282172971,0
1417712400,470.550125618007,0
1417716000,652.684655215325,0
1417719600,796.483023299458,0
1417723200,891.235327892041,0
1417726800,892.807462914244,0
1417730400,788.437967110172,0
1417734000,552.760964270325,0
1417737600,319.42885696661,0
1417741200,74.8926032246493,0
1417744800,-55.4137905734676,0
1417748400,-92.0122734920688,0
1417752000,50.6656500788891,0
1417755600,289.461224631995,0
1417759200,612.189769845525,0
1417762800,936.436205893596,0
1417766400,1172.09519547448,0
1417770000,1317.06676871415,0
1417773600,1310.16934326116,0
1417777200,1190.93710589571,0
1417780800,943.072578558155,0
1417784400,690.307086791619,0
1417788000,475.640745470333,0
1417791600,384.045973032093,0
1417795200,377.79692507029,0
1417798800,501.35447908628,0
1417802400,658.812253424443,0
1417806000,827.44186911391,0
1417809600,928.683192263867,0
1417813200,933.350855264874,0
1417816800,828.366353059979,0
1417820400,640.94810929551,0
1417824000,374.440320282995,0
1417827600,160.662848268076,0
1417831200,12.9005433207283,0
1417834800,22.074148819059,0
1417838400,150.027268055781,0
1417842000,403.081772419008,0
1417845600,752.598704433699,0
1417849200,1063.38945599201,0
1417852800,1315.2884670444,0
1417856400,1483.33577167972,0
1417860000,1470.25482668294,0
1417863600,1330.08635780159,0
1417867200,1115.01578493828,0
1417870800,878.241404170356,0
1417874400,673.695988598612,0
1417878000,565.598610998111,0
1417881600,570.495656336726,0
1417885200,680.277246622805,0
1417888800,883.106191920834,0
1417892400,1048.74727326326,0
1417896000,1155.09242765501,0
1417899600,1182.04969717813,0
1417903200,1046.42365184808,0
1417906800,871.768563746555,0
1417910400,622.339748028821,0
1417914000,394.888170885146,0
1417917600,256.929164431489,0
1417921200,261.53142688669,0
1417924800,415.343026356388,0
1417928400,671.635343123478,0
1417932000,1008.63746900645,0
1417935600,1352.8701154327,0
1417939200,1590.926281412,0
1417942800,1751.21947500033,0
1417946400,1746.81100761077,0
1417950000,1620.42495401779,0
1417953600,1399.71479750254,0
1417957200,1158.93906567645,0
1417960800,959.515660709424,0
1417964400,860.960367541838,0
1417968000,869.004000621296,0
1417971600,997.119704810872,0
1417975200,1158.39708109405,0
1417978800,1333.38722967352,0
1417982400,1442.84325676942,0
1417986000,1441.76451941377,0
1417989600,1342.45050654664,0
1417993200,1149.65170991661,0
1417996800,913.733548981861,0
1418000400,671.525756460303,0
1418004000,541.959329523526,0
1418007600,559.387517696115,0
1418011200,703.01740895037,0
1418014800,962.551608412229,0
1418018400,1293.02264690419,0
1418022000,1631.0096373106,0
1418025600,1860.25509144854,0
1418029200,2030.94937722415,0
1418032800,2015.33766551448,0
1418036400,1854.93410949336,0
1418040000,1642.95994837099,0
1418043600,1382.26938275708,0
1418047200,1192.31158187936,0
1418050800,1089.43058935688,0
1418054400,1084.27179745434,0
1418058000,1192.35125123883,0
1418061600,1351.08202394187,0
1418065200,1523.227156613,0
1418068800,1650.84084743321,0
1418072400,1657.09795473908,0
1418076000,1512.11104235066,0
1418079600,1351.26357937573,0
1418083200,1091.83771054108,0
1418086800,841.878008336427,0
1418090400,683.152193860239,0
1418094000,698.266237898785,0
1418097600,816.330039405648,0
1418101200,1090.96623302051,0
1418104800,1410.34137385322,0
1418108400,1721.92575352342,0
1418112000,1990.61994383292,0
1418115600,2096.37927536286,0
1418119200,2095.1023859342,0
1418122800,1956.19747581822,0
1418126400,1716.79037142841,0
1418130000,1443.62440815545,0
1418133600,1263.02907718156,0
1418137200,1124.92477688326,0
1418140800,1119.04615736693,0
1418144400,1224.70064679339,0
1418148000,1402.91159564791,0
1418151600,1552.44250831555,0
1418155200,1657.33608490679,0
1418158800,1646.11910115558,0
1418162400,1537.45876999773,0
1418166000,1319.31650691401,0
1418169600,56.5160483244038,1
1418173200,824.309326978584,0
1418176800,649.839548020591,0
1418180400,649.728175709141,0
1418184000,768.309235855386,0
1418187600,1024.62760275689,0
1418191200,1337.57908391866,0
1418194800,1659.29373190581,0
1418198400,1911.57197239334,0
1418202000,2029.31291117043,0
1418205600,1997.99973892923,0
1418209200,1867.44694004582,0
1418212800,1620.09519420557,0
1418216400,1355.50689039426,0
1418220000,1163.50115741086,0
1418223600,1009.14940155386,0
1418227200,1024.78098171441,0
1418230800,1106.98918403813,0
1418234400,1259.4505851105,0
1418238000,1420.51323026637,0
1418241600,1507.66138906785,0
1418245200,1517.91151285185,0
1418248800,1370.67026592421,0
1418252400,1161.14032665808,0
1418256000,910.687143271399,0
1418259600,674.9229795681,0
1418263200,524.28710111774,0
1418266800,479.481512633638,0
1418270400,617.723366961922,0
1418274000,888.484314880801,0
1418277600,1178.10431363777,0
1418281200,1507.98696643944,0
1418284800,1778.24341742869,0
1418288400,1882.09730499379,0
1418292000,1861.09447933159,0
1418295600,1713.9123933847,0
1418299200,1473.90598047373,0
1418302800,1210.38773522426,0
1418306400,1018.77178921077,0
1418310000,870.62467636101,0
1418313600,867.540776118856,0
1418317200,983.420475450003,0
1418320800,1115.57358780163,0
1418324400,1295.04762857484,0
1418328000,1411.824199942,0
1418331600,1380.11217880991,0
1418335200,1271.41380435296,0
1418338800,1054.2226762537,0
1418342400,826.542147054029,0
1418346000,576.37435580512,0
1418349600,453.801115589548,0
1418353200,428.191880977343,0
1418356800,570.811260468851,0
1418360400,786.81669888037,0
1418364000,1107.51319183499,0
1418367600,1440.32314894531,0
1418371200,1700.82229627286,0
1418374800,1837.46176211328,0
1418378400,1812.96422523511,0
1418382000,1669.74000343627,0
1418385600,1444.29030716181,0
1418389200,1187.77642617098,0
1418392800,996.990675974396,0
1418396400,887.534142733086,0
1418400000,883.34827615168,0
1418403600,989.772917607139,0
1418407200,1185.50294337547,0
1418410800,1317.84802008789,0
1418414400,1439.69673791233,0
1418418000,1425.58181325129,0
1418421600,1325.91109704294,0
1418425200,1145.50746139703,0
1418428800,876.275260712941,0
1418432400,653.557492709535,0
1418436000,516.220711104847,0
1418439600,510.487701053212,0
1418443200,645.865264123151,0
1418446800,916.575526426636,0
1418450400,1228.15761491054,0
1418454000,1592.17427326855,0
1418457600,1838.52086008556,0
1418461200,1983.82859952575,0
1418464800,1962.56247402479,0
1418468400,1830.67680493358,0
1418472000,1609.46842147846,0
1418475600,1375.86825291111,0
1418479200,1165.82668718763,0
1418482800,1063.37551525232,0
1418486400,1070.04046663521,0
1418490000,1211.64035469122,0
1418493600,1380.99861422511,0
1418497200,1528.89553020607,0
1418500800,1642.21609395791,0
1418504400,1680.58391479898,0
1418508000,1560.99281796087,0
1418511600,1355.12206072188,0
1418515200,1128.77931135577,0
1418518800,917.0393246096,0
1418522400,783.66998256295,0
1418526000,769.481129079709,0
1418529600,909.836251353202,0
1418533200,1190.17783614973,0
1418536800,1504.01428222358,0
1418540400,1873.67405570944,0
1418544000,2108.2303527595,0
1418547600,2269.76965888556,0
1418551200,2269.78935493944,0
1418554800,2098.16102702467,0
1418558400,1898.75098508164,0
1418562000,1670.51883789229,0
1418565600,1465.98967471793,0
1418569200,1367.20893410635,0
1418572800,1362.38520582213,0
1418576400,1473.10126269621,0
1418580000,1674.83579006579,0
1418583600,1826.17987375796,0
1418587200,1948.93701621929,0
1418590800,1947.82110008307,0
1418594400,1855.70574751118,0
1418598000,1669.53308758781,0
1418601600,1423.39763050105,0
1418605200,1212.50943517258,0
1418608800,1055.67101007618,0
1418612400,1087.26711908847,0
1418616000,1204.71540466012,0
1418619600,1452.43176026884,0
1418623200,1792.68394680759,0
1418626800,2101.12829942999,0
1418630400,2359.34295643072,0
1418634000,2528.09332044221,0
1418637600,2504.71471439659,0
1418641200,2361.5055747909,0
1418644800,2138.37196721293,0
1418648400,1890.77744131982,0
1418652000,1683.35467038614,0
1418655600,1612.87297342023,0
1418659200,1621.74953027828,0
1418662800,1722.99437741992,0
1418666400,1875.5061792677,0
1418670000,2039.24252885119,0
1418673600,2158.8748738066,0
1418677200,2139.67898972188,0
1418680800,2034.21240312345,0
1418684400,1827.16391165392,0
1418688000,1573.39184592005,0
1418691600,1367.40407716876,0
1418695200,1209.07044043952,0
1418698800,1190.51430487478,0
1418702400,1345.42659811245,0
1418706000,1608.49873267475,0
1418709600,1892.89586684618,0
1418713200,2253.81119544457,0
1418716800,2509.62107484519,0
1418720400,2598.51648549441,0
1418724000,2603.9552086536,0
1418727600,2444.71622833051,0
1418731200,2217.05970175594,0
1418734800,1976.07829971659,0
1418738400,1763.02376897291,0
1418742000,1631.80239954997,0
1418745600,1648.81863980761,0
1418749200,1740.79466839968,0
1418752800,1905.06422253523,0
1418756400,2053.78854661921,0
1418760000,2152.36364951134,0
1418763600,2158.16520048289,0
1418767200,2029.18899607339,0
1418770800,1812.2575909154,0
1418774400,1549.56478782043,0
1418778000,1305.27197028364,0
1418781600,1171.07825885035,0
1418785200,1156.68832836868,0
1418788800,1283.26192262649,0
1418792400,1508.32263146814,0
1418796000,1845.2821886566,0
1418799600,2172.05316375823,0
1418803200,2408.83726052519,0
1418806800,2509.180726633,0
1418810400,2497.88353551751,0
1418814000,2342.9030065432,0
1418817600,2119.92648904236,0
1418821200,1843.11387965577,0
1418824800,1642.72010821708,0
1418828400,1512.51045416175,0
1418832000,1508.57583728519,0
1418835600,1602.56183752434,0
1418839200,1784.84191203959,0
1418842800,1924.04914773875,0
1418846400,2006.3459554986,0
1418850000,2020.38568724569,0
1418853600,1901.20172514265,0
1418857200,1679.50730968995,0
1418860800,1422.0071755757,0
1418864400,165.245628180575,1
1418868000,1024.03610297524,0
1418871600,986.356237675303,0
1418875200,1120.67107644223,0
1418878800,1382.43562315174,0
1418882400,1673.2003184417,0
1418886000,2005.06814277409,0
1418889600,2253.4972979225,0
1418893200,2388.88281773047,0
1418896800,2350.09408858173,0
1418900400,2210.48327184741,0
1418904000,1972.9227745381,0
1418907600,1700.39919173309,0
1418911200,1499.52798399915,0
1418914800,1393.27229389353,0
1418918400,1366.04455642404,0
1418922000,1493.69723829371,0
1418925600,1630.56751755439,0
1418929200,1804.52539748628,0
1418932800,1885.83723286962,0
1418936400,1910.58829471638,0
1418940000,1779.07226608489,0
1418943600,1592.31960411432,0
1418947200,1305.85529141238,0
1418950800,1086.14699336695,0
1418954400,941.478928148718,0
1418958000,931.071637280222,0
1418961600,1048.09290400564,0
1418965200,1300.36372838063,0
1418968800,1637.98789189591,0
1418972400,1955.04612592071,0
1418976000,2201.65572963635,0
1418979600,2330.06059346818,0
1418983200,2316.32543985249,0
1418986800,2196.67155476952,0
1418990400,1963.50212153347,0
1418994000,1715.59055134612,0
1418997600,1490.2581207068,0
1419001200,1403.51161258474,0
1419004800,1383.74312406416,0
1419008400,1469.32355312671,0
1419012000,1663.79006846447,0
1419015600,1823.23426922052,0
1419019200,1944.35309797433,0
1419022800,1935.31430659954,0
1419026400,1827.29340476169,0
1419030000,1644.71630296422,0
1419033600,1402.19881016501,0
1419037200,1158.21224064446,0
1419040800,1016.76415695243,0
1419044400,1017.80848889287,0
1419048000,1164.73561149308,0
1419051600,1427.81819978758,0
1419055200,1735.04685593162,0
1419058800,2087.87489804538,0
1419062400,2321.61454641945,0
1419066000,2464.6838366937,0
1419069600,2461.1851290108,0
1419073200,2340.41723266809,0
1419076800,2116.60261786622,0
1419080400,1871.71813482073,0
1419084000,1667.96706690799,0
1419087600,1559.59712625472,0
1419091200,1583.3671386095,0
1419094800,1677.51201398409,0
1419098400,1871.24357397829,0
1419102000,2039.76273866856,0
1419105600,2144.80354386735,0
1419109200,2164.0689672203,0
1419112800,2068.21379408755,0
1419116400,1893.47678379585,0
1419120000,1631.99053288549,0
1419123600,1410.67799466268,0
1419127200,1261.53967138985,0
1419130800,1271.18912176648,0
1419134400,1437.70582081749,0
1419138000,1677.12196632559,0
1419141600,2025.4553609433,0
1419145200,2356.17291132485,0
1419148800,2613.42127888831,0
1419152400,2734.52749287365,0
1419156000,2748.80051251362,0
1419159600,2631.83492675657,0
1419163200,2413.96886068622,0
1419166800,2148.76213710996,0
1419170400,1969.28614232195,0
1419174000,1859.30860828706,0
1419177600,1877.42570058672,0
1419181200,1985.27337989857,0
1419184800,2157.13191294526,0
1419188400,2351.91579397656,0
1419192000,2456.41473162185,0
1419195600,2461.8504780548,0
1419199200,2358.14481978718,0
1419202800,2156.57370259457,0
1419206400,1937.91419787297,0
1419210000,1708.07012924272,0
1419213600,1576.49402526517,0
1419217200,1573.29814969845,0
1419220800,1707.97859941711,0
1419224400,1951.69158504952,0
1419228000,2286.06482243791,0
1419231600,2619.6599126452,0
1419235200,2879.15190135908,0
1419238800,3009.39079402833,0
1419242400,3024.55783978026,0
1419246000,2880.9143573179,0
1419249600,2645.57320732098,0
1419253200,2414.97396303831,0
1419256800,2188.31108964401,0
1419260400,2068.52562281307,0
1419264000,2110.30682152196,0
1419267600,2225.63860116226,0
1419271200,2368.63022115024,0
1419274800,2557.23045225578,0
1419278400,2639.94939441404,0
1419282000,2635.75084446399,0
1419285600,2536.18073127377,0
1419289200,2362.69620927227,0
1419292800,2105.01104460484,0
1419296400,1843.1966594818,0
1419300000,1698.37116454816,0
1419303600,1719.39908892935,0
1419307200,1824.51085105425,0
1419310800,3075.16578201224,1
1419314400,2406.7303424072,0
1419318000,2729.99302716713,0
1419321600,2977.22743829211,0
1419325200,3134.13075994991,0
1419328800,3103.60012032393,0
1419332400,2950.30402710651,0
1419336000,2720.83826757807,0
1419339600,2459.97731807631,0
1419343200,2253.70090489641,0
1419346800,2143.75310366049,0
1419350400,2153.72168941857,0
1419354000,2246.76522130351,0
1419357600,2407.34737957337,0
1419361200,2573.07039165651,0
1419364800,2665.61557246571,0
1419368400,2652.88972641449,0
1419372000,2537.25189784342,0
1419375600,2337.95802110363,0
1419379200,2046.78006813066,0
1419382800,1834.24726954228,0
1419386400,1658.38862102148,0
1419390000,1668.44147664366,0
1419393600,1781.54201934577,0
1419397200,2022.8138174401,0
1419400800,2349.73416428299,0
1419404400,2657.43972454012,0
1419408000,2897.55596705885,0
1419411600,3047.70641625341,0
1419415200,3006.27137458482,0
1419418800,2867.28961981391,0
1419422400,2634.1999013099,0
1419426000,2349.018355794,0
1419429600,2144.18986254623,0
1419433200,2017.35325572613,0
1419436800,2005.79458277034,0
1419440400,2111.63384908634,0
1419444000,2277.14316690808,0
1419447600,2441.74873752939,0
1419451200,2514.01636630404,0
1419454800,2511.92391947294,0
1419458400,2405.61340389068,0
1419462000,2184.03253435428,0
1419465600,1917.77220089251,0
1419469200,1666.02776327454,0
1419472800,1541.94603029775,0
1419476400,1508.38448115994,0
1419480000,1638.79911154561,0
1419483600,1870.22249667875,0
1419487200,2187.66608800741,0
1419490800,2510.66510746483,0
1419494400,2754.29447514689,0
1419498000,2888.35226339914,0
1419501600,2873.80941924099,0
1419505200,2720.52579365851,0
1419508800,2476.65752940258,0
1419512400,2225.37087640023,0
1419516000,2003.09650326704,0
1419519600,1879.77248204169,0
1419523200,1881.42689233289,0
1419526800,1959.52265940589,0
1419530400,2152.31536596887,0
1419534000,2294.92003183869,0
1419537600,2412.07290235018,0
1419541200,2406.66802212081,0
1419544800,2290.72152072088,0
1419548400,3070.48771188818,1
1419552000,1822.74131786341,0
1419555600,1589.7066826699,0
1419559200,1432.07784360406,0
1419562800,1412.21538503856,0
1419566400,1556.13885322371,0
1419570000,1815.27183083919,0
1419573600,2139.53082828567,0
1419577200,2474.54642637805,0
1419580800,2716.57685358609,0
1419584400,2843.22975344358,0
1419588000,2818.30663201207,0
1419591600,2676.45367702923,0
1419595200,2461.49918687647,0
1419598800,2214.00083315854,0
1419602400,2003.92218278565,0
1419606000,1890.56997939357,0
1419609600,1900.97561893232,0
1419613200,1999.77973170749,0
1419616800,2179.76606319603,0
1419620400,2313.78192470174,0
1419624000,2456.9133554111,0
1419627600,2458.81733211055,0
1419631200,2349.54415257317,0
1419634800,2153.41303368541,0
1419638400,1906.2954950659,0
1419642000,1688.91483650866,0
1419645600,1520.89847905606,0
1419649200,1521.69987019074,0
1419652800,1655.70434683535,0
1419656400,1912.176181109,0
1419660000,2262.34547090258,0
1419663600,2593.66544682848,0
1419667200,2863.17170414374,0
1419670800,2993.5793115295,0
1419674400,3003.31376048338,0
1419678000,2829.12161630353,0
1419681600,2603.15200164884,0
1419685200,2365.12195801961,0
1419688800,2175.62841450326,0
1419692400,2081.02164614999,0
1419696000,2095.21938898615,0
1419699600,2212.19872095294,0
1419703200,2369.99963960105,0
1419706800,2522.58152697977,0
1419710400,2652.4416363967,0
1419714000,2666.3031223667,0
1419717600,2573.57587361914,0
1419721200,2378.05393321841,0
1419724800,2125.26099424467,0
1419728400,1932.03320971474,0
1419732000,1763.3973812144,0
1419735600,1786.47947448876,0
1419739200,1930.81010660017,0
1419742800,2167.93997123879,0
1419746400,2507.81942719595,0
1419750000,2872.61142781021,0
1419753600,3103.26075878461,0
1419757200,3253.42429728876,0
1419760800,3243.39906855544,0
1419764400,3122.83794633928,0
1419768000,2917.30730041153,0
1419771600,2664.0061627616,0
1419775200,2470.61648283484,0
1419778800,2379.66318548266,0
1419782400,2385.44214945096,0
1419786000,2488.0812429219,0
1419789600,2655.59867388273,0
1419793200,2858.62307316803,0
1419796800,2963.2476770802,0
1419800400,2956.26230482851,0
1419804000,2856.82860504489,0
1419807600,2671.26273400543,0
1419811200,2414.91190469875,0
1419814800,2187.93203702666,0
1419818400,2065.8304718599,0
1419822000,2063.14092302187,0
1419825600,2197.82531169859,0
1419829200,2439.57217456889,0
1419832800,2781.38475345401,0
1419836400,3118.1167669653,0
1419840000,3373.25013740798,0
1419843600,3534.51473964798,0
1419847200,3527.76156941494,0
1419850800,3384.92674444827,0
1419854400,3160.41485849882,0
1419858000,2910.23954450804,0
1419861600,2698.57928764013,0
1419865200,2584.64902797177,0
1419868800,2597.93727033063,0
1419872400,2710.75709146532,0
1419876000,2887.10460811127,0
1419879600,3048.83680645216,0
1419883200,3154.51895540473,0
1419886800,3144.43299566318,0
1419890400,3049.44993376817,0
1419894000,2840.53136836915,0
1419897600,2589.25303043078,0
1419901200,2390.5813112515,0
1419904800,2227.72480733253,0
1419908400,2203.01604661446,0
1419912000,2352.82129210343,0
1419915600,2586.65500939547,0
1419919200,2917.88975945045,0
1419922800,3239.1133393539,0
1419926400,3510.8830642051,0
1419930000,3628.19897700115,0
1419933600,3621.050695587,0
1419937200,3471.58214226254,0
1419940800,3225.08939630545,0
1419944400,2967.02013730763,0
1419948000,2763.4586942751,0
1419951600,2654.93947867012,0
1419955200,2639.82213276847,0
1419958800,2746.16772895788,0
1419962400,2901.42954663707,0
1419966000,3064.68070742578,0
1419969600,3142.0230712096,0
1419973200,3169.66787655053,0
1419976800,3054.02273769414,0
1419980400,2808.05046686322,0
1419984000,2568.91664169168,0
1419987600,2319.79325067012,0
1419991200,2195.64632387844,0
1419994800,2141.03478578013,0
1419998400,2265.79651684012,0
1420002000,2536.04131538777,0
1420005600,2856.18605551419,0
1420009200,3172.46706146522,0
1420012800,3396.90926499246,0
1420016400,3538.92429521962,0
1420020000,3529.73127426088,0
1420023600,3362.87677972252,0
1420027200,3116.1711641708,0
1420030800,2865.74055795729,0
1420034400,2646.83385857153,0
1420038000,2518.29480197741,0
1420041600,2523.46503168856,0
1420045200,2598.32664200095,0
1420048800,2794.62075880815,0
1420052400,2918.0164774801,0
1420056000,3000.09255922857,0
1420059600,3029.20090048738,0
1420063200,2898.63157309216,0
1420066800,2672.92512182054,0
1420070400,2429.87983189634,0
1420074000,2184.27750076108,0
1420077600,2030.73026328241,0
1420081200,2024.98480022602,0
1420084800,2139.9145697589,0
1420088400,2382.60938871805,0
1420092000,2696.53447354814,0
1420095600,3029.36302323303,0
1420099200,3264.26497594533,0
1420102800,3402.78718882065,0
1420106400,3353.04009766394,0
1420110000,3215.04831666404,0
1420113600,2981.33844258814,0
1420117200,2721.24720611243,0
1420120800,2514.71038961277,0
1420124400,2400.68062664159,0
1420128000,2377.91348955162,0
1420131600,2488.7308817078,0
1420135200,2648.07415636294,0
1420138800,2820.06095475386,0
1420142400,2903.61015927543,0
1420146000,2913.03351318701,0
1420149600,2785.9728028403,0
1420153200,2576.96960492714,0
1420156800,2340.94261567158,0
1420160400,2096.68504550624,0
1420164000,1955.87077953953,0
1420167600,1903.45826698825,0
1420171200,2045.85586621272,0
1420174800,2311.27167101439,0
1420178400,2652.57398328562,0
1420182000,2951.01264299196,0
1420185600,3216.59114704428,0
1420189200,3333.68991249116,0
1420192800,3335.33836002126,0
1420196400,3183.55225963228,0
1420200000,2962.59143134827,0
1420203600,2709.55108576348,0
1420207200,2496.76824556094,0
1420210800,2379.25736541281,0
1420214400,2413.1371980873,0
1420218000,2502.09274320669,0
1420221600,2663.23186533939,0
1420225200,2831.63294995081,0
1420228800,2919.49924724417,0
1420232400,2938.45819646773,0
1420236000,2849.85061436616,0
1420239600,2645.69081867959,0
1420243200,2401.31219469705,0
1420246800,2166.85381712272,0
1420250400,2037.93154385903,0
1420254000,2043.77600920306,0
1420257600,2157.12906017951,0
1420261200,2405.82034041174,0
1420264800,2749.53824217543,0
1420268400,3108.53603056019,0
1420272000,3344.44502770271,0
1420275600,3479.50696783788,0
1420279200,3491.48727161695,0
1420282800,3353.91542885445,0
1420286400,3122.15543288392,0
1420290000,2875.95044774027,0
1420293600,2694.76501990091,0
1420297200,2605.07816843811,0
1420300800,2585.33124908225,0
1420304400,2696.47684862359,0
1420308000,2863.60606837834,0
1420311600,3062.99736266664,0
1420315200,3173.3071559803,0
1420318800,3175.86504433663,0
1420322400,3069.58279650628,0
1420326000,2863.29834951888,0
1420329600,2638.67845216574,0
1420333200,2435.73339947755,0
1420336800,2289.42311645516,0
1420340400,2269.88816683285,0
1420344000,2426.55668594893,0
1420347600,2704.7732630088,0
1420351200,3051.87660445015,0
1420354800,3358.84651063084,0
1420358400,3637.15421959227,0
1420362000,3752.73712217437,0
1420365600,3756.73272931759,0
1420369200,3621.20060276109,0
1420372800,3416.18295184337,0
1420376400,3163.30023107952,0
1420380000,2972.22626186194,0
1420383600,2893.35467445327,0
1420387200,2884.39322385046,0
1420390800,2990.99660543911,0
1420394400,3172.26742402497,0
1420398000,3346.81957937903,0
1420401600,3473.8772229475,0
1420405200,3467.84104725475,0
1420408800,3377.82671794268,0
1420412400,3166.2206989273,0
1420416000,2935.26503399588,0
1420419600,2704.44722548524,0
1420423200,2563.56241260256,0
1420426800,2546.4941992926,0
1420430400,2689.01779326987,0
1420434000,2951.79130578766,0
1420437600,3288.72184653864,0
1420441200,3632.80429808639,0
1420444800,3877.23923673698,0
1420448400,4031.95004064411,0
1420452000,3998.67004774057,0
1420455600,3898.39120359604,0
1420459200,3660.62700214864,0
1420462800,3429.76001714243,0
1420466400,3207.94715155732,0
1420470000,3109.72878693758,0
1420473600,3109.9808703146,0
1420477200,3230.81050177148,0
1420480800,3382.1159502832,0
1420484400,3549.73698459857,0
1420488000,3648.59298779533,0
1420491600,3666.44958351861,0
1420495200,3553.81231497929,0
1420498800,3342.68399717867,0
1420502400,3087.60516665599,0
1420506000,2868.87115429835,0
1420509600,2715.94458551652,0
1420513200,2732.76372075191,0
1420516800,2847.60825960899,0
1420520400,3098.51066665131,0
1420524000,3409.94847909,0
1420527600,3713.53887569681,0
1420531200,4001.83288821336,0
1420534800,4113.61413534403,0
1420538400,4107.30220185273,0
1420542000,3959.88691435729,0
1420545600,3733.32667677321,0
1420549200,3479.07584920927,0
1420552800,3263.48054199655,0
1420556400,3142.35031070776,0
1420560000,3142.22032031339,0
1420563600,3251.63164303897,0
1420567200,3399.42467440539,0
1420570800,4536.2978581673,1
1420574400,3650.13953641932,0
1420578000,3648.6678648107,0
1420581600,3541.98755924908,0
1420585200,3323.60777157484,0
1420588800,3074.16935703803,0
1420592400,2837.07881207844,0
1420596000,2679.50892773496,0
1420599600,2664.25427395916,0
1420603200,2775.78355314842,0
1420606800,3014.50678762086,0
1420610400,3361.16065690933,0
1420614000,3683.87807170433,0
1420617600,3920.19148612395,0
1420621200,4049.75412522324,0
1420624800,4019.46955509553,0
1420628400,3865.56604395787,0
1420632000,3633.12876506678,0
1420635600,3359.82745468957,0
1420639200,3149.95928040292,0
1420642800,3003.46896762802,0
1420646400,3039.32869427258,0
1420650000,3122.549434463,0
1420653600,3293.31579169879,0
1420657200,3444.74817823814,0
1420660800,3527.80954368059,0
1420664400,3528.44661571011,0
1420668000,3396.53630270521,0
1420671600,3193.62566641881,0
1420675200,2929.83081010196,0
1420678800,2686.64838147413,0
1420682400,2531.64041849452,0
1420686000,2489.01785029426,0
1420689600,2658.16854321627,0
1420693200,2877.26243947587,0
1420696800,3195.82987580166,0
1420700400,3527.87155001911,0
1420704000,3766.1446642806,0
1420707600,3880.80407835635,0
1420711200,3865.29175988898,0
1420714800,3715.68049634842,0
1420718400,3460.07508834953,0
1420722000,3229.49119310119,0
1420725600,3021.91314795925,0
1420729200,2897.00776981673,0
1420732800,2900.92049997296,0
1420736400,2990.50613340614,0
1420740000,3153.34988971067,0
1420743600,3324.53222401037,0
1420747200,3404.3841568491,0
1420750800,3407.36191914994,0
1420754400,3308.20247110957,0
1420758000,3079.15720592326,0
1420761600,2825.83307619717,0
1420765200,2586.74049355194,0
1420768800,2457.86993877729,0
1420772400,2423.09204149909,0
1420776000,2545.52113396045,0
1420779600,2820.37889779372,0
1420783200,3116.44809391937,0
1420786800,3482.60419146735,0
1420790400,3695.39026611386,0
1420794000,3845.08709070278,0
1420797600,3839.63872913885,0
1420801200,3692.3236133824,0
1420804800,3459.55318717228,0
1420808400,3205.52933194491,0
1420812000,3015.81882127893,0
1420815600,2894.07746221642,0
1420819200,2901.11350559199,0
1420822800,3986.24336439561,1
1420826400,3183.92988350024,0
1420830000,3356.10977311911,0
1420833600,3451.26654874095,0
1420837200,3459.79828834075,0
1420840800,3361.35447030435,0
1420844400,3164.5444816873,0
1420848000,2898.31137546587,0
1420851600,2667.85431787804,0
1420855200,2542.21713576913,0
1420858800,2530.34723979491,0
1420862400,2668.92123981462,0
1420866000,2922.32745437739,0
1420869600,3272.12862846427,0
1420873200,3593.39137932203,0
1420876800,3861.14146254667,0
1420880400,3995.49928300555,0
1420884000,3986.81817184349,0
1420887600,3847.63261815012,0
1420891200,3630.45099671182,0
1420894800,3375.63150948721,0
1420898400,3188.76277473914,0
1420902000,3093.69694443473,0
1420905600,3104.42331628064,0
1420909200,3196.03220352114,0
1420912800,3398.20945211045,0
1420916400,3564.98685324917,0
1420920000,3661.12632970473,0
1420923600,3684.97270316937,0
1420927200,3572.54386571437,0
1420930800,3385.93081625204,0
1420934400,3134.62821707896,0
1420938000,2920.25737623796,0
1420941600,2803.7871300391,0
1420945200,2775.09271877826,0
1420948800,2926.46278247066,0
1420952400,3196.81845883928,0
1420956000,3523.57236496827,0
1420959600,3879.24133735884,0
1420963200,4124.47741309496,0
1420966800,4281.62749088536,0
1420970400,4281.1337922222,0
1420974000,4129.80247479189,0
1420977600,3903.41372200525,0
1420981200,2703.68487726643,1
1420984800,3491.53993434648,0
1420988400,3353.15809779449,0
1420992000,3377.7107835748,0
1420995600,3534.66256262125,0
1420999200,3673.55725878041,0
1421002800,3844.48263413202,0
1421006400,3954.94250877926,0
1421010000,3972.35836303668,0
1421013600,3877.97042724002,0
1421017200,3699.28209912713,0
1421020800,3429.15549066248,0
1421024400,3193.30333184797,0
1421028000,3084.41309165588,0
1421031600,3044.97855279723,0
1421035200,3212.54526373291,0
1421038800,3479.69988545904,0
1421042400,3800.64249652006,0
1421046000,4143.19577474524,0
1421049600,4378.98751076511,0
1421053200,4535.44296723847,0
1421056800,4551.52936299832,0
1421060400,4375.14810722968,0
1421064000,4186.81533427263,0
1421067600,3931.9229707926,0
1421071200,3715.84818360017,0
1421074800,3600.14138829293,0
1421078400,3602.05043173972,0
1421082000,3708.04132906502,0
1421085600,3883.11203369453,0
1421089200,4048.36294502515,0
1421092800,4131.75890782043,0
1421096400,4174.67974554438,0
1421100000,4066.53938565004,0
1421103600,3838.9045289181,0
1421107200,3601.79986184755,0
1421110800,3360.4881885178,0
1421114400,3231.13069139302,0
1421118000,3199.16987066113,0
1421121600,3351.73142441069,0
1421125200,3612.23043691851,0
1421128800,3901.42965108476,0
1421132400,4244.63879952262,0
1421136000,4506.89126583147,0
1421139600,4623.88619607863,0
1421143200,4622.08696068029,0
1421146800,4471.95337824195,0
1421150400,4234.76475526607,0
1421154000,3962.77934798497,0
1421157600,3781.67765846241,0
1421161200,3649.62829040149,0
1421164800,3641.80367608745,0
1421168400,3763.50112982343,0
1421172000,3913.6676851726,0
1421175600,4072.73287143733,0
1421179200,4172.69923549527,0
1421182800,4156.50722643892,0
1421186400,4041.61568503292,0
1421190000,3851.80145899129,0
1421193600,3584.8430098745,0
1421197200,3349.87293080993,0
1421200800,3200.72714433391,0
1421204400,3177.06998217257,0
1421208000,3301.12297552391,0
1421211600,3546.14589874955,0
1421215200,3849.16061449796,0
1421218800,4167.69286679072,0
1421222400,4424.74099005625,0
1421226000,4532.74436661525,0
1421229600,4533.77903162711,0
1421233200,4374.23277875606,0
1421236800,4137.88615257955,0
1421240400,3867.51369779264,0
1421244000,3656.62287860563,0
1421247600,3532.58839092482,0
1421251200,3545.17052604696,0
1421254800,3621.94672708293,0
1421258400,3772.77712728721,0
1421262000,3948.87430621153,0
1421265600,4055.99961342695,0
1421269200,4034.86072331173,0
1421272800,3907.01045138444,0
1421276400,3702.16119263515,0
1421280000,3423.94346179898,0
1421283600,3166.07178189933,0
1421287200,3025.34360306907,0
1421290800,3022.42812582664,0
1421294400,3155.95313001826,0
1421298000,3427.59136168,0
1421301600,3700.33667707143,0
1421305200,4043.79619206619,0
1421308800,4277.97565689418,0
1421312400,4415.35527407821,0
1421316000,4391.82999377321,0
1421319600,4216.9255888358,0
1421323200,3999.29898988984,0
1421326800,3725.18586744516,0
1421330400,3533.80760863845,0
1421334000,3380.98094911218,0
1421337600,3395.48091812832,0
1421341200,3506.80207375524,0
1421344800,3664.42389521475,0
1421348400,3817.85127590977,0
1421352000,3932.88479884295,0
1421355600,3889.8474366404,0
1421359200,3788.52227719357,0
1421362800,3592.41769042001,0
1421366400,3328.99163777977,0
1421370000,3102.52416815314,0
1421373600,2944.88478415985,0
1421377200,2944.85157494854,0
1421380800,3062.42595726408,0
1421384400,3327.96368176141,0
1421388000,3655.13977569891,0
1421391600,3987.36242777221,0
1421395200,4239.75889597327,0
1421398800,4361.90409730542,0
1421402400,4325.80724408343,0
1421406000,4195.97218613249,0
1421409600,3969.62158714529,0
1421413200,3710.456568416,0
1421416800,3512.20602843411,0
1421420400,3380.36011498279,0
1421424000,3414.46527587354,0
1421427600,3499.68481048259,0
1421431200,3697.88197540816,0
1421434800,3828.48142529855,0
1421438400,3946.92153200947,0
1421442000,3970.42629175204,0
1421445600,3864.09013098315,0
1421449200,3656.93893367383,0
1421452800,3387.11440237365,0
1421456400,3177.06643491068,0
1421460000,3057.60603403675,0
1421463600,3025.66724571362,0
1421467200,3160.03214526968,0
1421470800,3432.3998834771,0
1421474400,3767.37372189478,0
1421478000,4090.91750071451,0
1421481600,4361.70769101169,0
1421485200,4503.9873079242,0
1421488800,4492.28878604114,0
1421492400,4342.41412307779,0
1421496000,4116.73392785219,0
1421499600,3900.89235070643,0
1421503200,3706.15729025646,0
1421506800,3588.08840570949,0
1421510400,3610.24575594289,0
1421514000,3705.53701906031,0
1421517600,3888.27373228916,0
1421521200,4071.3455417903,0
1421524800,4179.05297415603,0
1421528400,4193.73401748288,0
1421532000,4081.6868492627,0
1421535600,3894.04859566064,0
1421539200,3642.98552235187,0
1421542800,3417.84026394295,0
1421546400,3292.18205219483,0
1421550000,3297.75198655282,0
1421553600,3440.86165929371,0
1421557200,3679.93105742242,0
1421560800,4025.02262404399,0
1421564400,4362.37956925558,0
1421568000,4637.30709929677,0
1421571600,4780.14729174003,0
1421575200,4773.61297021242,0
1421578800,4637.68284158654,0
1421582400,4404.07782387943,0
1421586000,4176.20596038263,0
1421589600,3980.47730802973,0
1421593200,3864.31482378593,0
1421596800,3899.31922670224,0
1421600400,4023.68093531714,0
1421604000,4175.78582399892,0
1421607600,4357.89050690021,0
1421611200,4473.96201704382,0
1421614800,4472.89193503063,0
1421618400,4369.07230247767,0
1421622000,4177.47759942143,0
1421625600,3945.69432971026,0
1421629200,3726.24798897592,0
1421632800,3566.74491261746,0
1421636400,3577.18663605822,0
1421640000,3718.24262110256,0
1421643600,3976.11054974212,0
1421647200,4302.21258378297,0
1421650800,4631.42272809312,0
1421654400,4906.39854762507,0
1421658000,5034.15100792804,0
1421661600,5044.29144286201,0
1421665200,4882.77994542467,0
1421668800,4675.83958150901,0
1421672400,4421.29382902097,0
1421676000,4213.29259773333,0
1421679600,4098.93310865322,0
1421683200,4114.03149759195,0
1421686800,4230.410690941,0
1421690400,4395.48385405143,0
1421694000,4548.45814453903,0
1421697600,4650.47797506371,0
1421701200,4659.41218646896,0
1421704800,4560.18084081157,0
1421708400,4333.20313881794,0
1421712000,4097.71599999132,0
1421715600,3887.64514635863,0
1421719200,3729.10066772518,0
1421722800,3720.31586675457,0
1421726400,3845.70919608951,0
1421730000,4117.06484410843,0
1421733600,4420.25142910321,0
1421737200,4753.87914416941,0
1421740800,5015.52190567902,0
1421744400,5128.31388797269,0
1421748000,5139.44811560972,0
1421751600,4964.70170049178,0
1421755200,4740.5407088939,0
1421758800,4501.62860155576,0
1421762400,4279.82826339709,0
1421766000,4151.29026422616,0
1421769600,4137.03120496234,0
1421773200,4260.43343321406,0
1421776800,4417.25118702811,0
1421780400,4574.62877870569,0
1421784000,4664.82930966455,0
1421787600,4663.09945500079,0
1421791200,4561.28782769312,0
1421794800,4333.36749912591,0
1421798400,4099.75018827847,0
1421802000,3837.8937912387,0
1421805600,3680.14500895891,0
1421809200,3675.34557076417,0
1421812800,3810.7248576149,0
1421816400,4048.45382877154,0
1421820000,4367.0392400159,0
1421823600,4692.16120624461,0
1421827200,4931.68662930944,0
1421830800,5053.07411911428,0
1421834400,5028.85603715941,0
1421838000,4884.04819697854,0
1421841600,4655.61883279719,0
1421845200,4359.48317953489,0
1421848800,4151.76455751239,0
1421852400,4039.22921945654,0
1421856000,4027.61188358822,0
1421859600,4130.61829561661,0
1421863200,4295.07778941535,0
1421866800,4447.30009396637,0
1421870400,4536.57133721127,0
1421874000,4543.27382925031,0
1421877600,4403.20758217683,0
1421881200,4192.09112459181,0
1421884800,3939.47209402153,0
1421888400,3691.84700805363,0
1421892000,3535.20570767917,0
1421895600,3515.47296449243,0
1421899200,3654.44208598897,0
1421902800,3898.02864918844,0
1421906400,4204.41735424903,0
1421910000,4546.56437903208,0
1421913600,4760.89890501479,0
1421917200,4898.46469974517,0
1421920800,4869.49530160857,0
1421924400,4732.85933148424,0
1421928000,4482.49654083418,0
1421931600,4232.38931187337,0
1421935200,4026.90029529417,0
1421938800,3915.90428194197,0
1421942400,3891.78913186466,0
1421946000,3994.1006736059,0
1421949600,4163.89836632967,0
1421953200,4328.7225924323,0
1421956800,4408.31678291199,0
1421960400,4414.53553705683,0
1421964000,4311.40749022426,0
1421967600,4088.246827279,0
1421971200,3824.43333703428,0
1421974800,3619.64930929972,0
1421978400,3435.87213957127,0
1421982000,3444.98374706383,0
1421985600,3566.17964229166,0
1421989200,3831.74026561528,0
1421992800,4139.95012936808,0
1421996400,4461.92328696531,0
1.422e+09,4712.61292693448,0
1422003600,4855.10538995406,0
1422007200,4823.43221196763,0
1422010800,4700.14142060418,0
1422014400,4474.75968542093,0
1422018000,4211.79413949919,0
1422021600,4004.63864602962,0
1422025200,3908.8408378435,0
1422028800,3916.56372191927,0
1422032400,4013.12764569521,0
1422036000,4178.0248596291,0
1422039600,4350.78395547574,0
1422043200,4437.47378753919,0
1422046800,4462.18586089829,0
1422050400,4349.17359339664,0
1422054000,4143.8821238199,0
1422057600,3921.45589889297,0
1422061200,3677.61362952354,0
1422064800,3553.35856251087,0
1422068400,3541.12783493389,0
1422072000,3670.82020225045,0
1422075600,3928.48324436155,0
1422079200,4284.32743708221,0
1422082800,4585.05920214327,0
1422086400,4864.65213822871,0
1422090000,5010.3721627767,0
1422093600,4996.90102628423,0
1422097200,4844.37788950071,0
1422100800,4633.08876732249,0
1422104400,4394.22522288632,0
1422108000,4207.65814589496,0
1422111600,4098.92287003178,0
1422115200,4096.96363951302,0
1422118800,4225.68976621472,0
1422122400,4396.96931349378,0
1422126000,4580.58670427444,0
1422129600,4697.49194012123,0
1422133200,4680.07609011384,0
1422136800,4605.88263262596,0
1422140400,4397.29414106518,0
1422144000,4148.46766345289,0
1422147600,3933.62589705212,0
1422151200,3791.82208158808,0
1422154800,3797.79673182354,0
1422158400,3912.64123092593,0
1422162000,4199.64706387252,0
1422165600,4542.01467512955,0
1422169200,3872.9031425649,1
1422172800,5136.00384584577,0
1422176400,5262.96203431731,0
1422180000,5298.2320572154,0
1422183600,5152.44413205641,0
1422187200,4920.00179529772,0
1422190800,4667.7518326177,0
1422194400,4486.43237705789,0
1422198000,4385.11716364393,0
1422201600,4395.68867490312,0
1422205200,4507.5258137281,0
1422208800,4706.05905632221,0
1422212400,4857.51501569837,0
1422216000,4969.4290027622,0
1422219600,4986.41245387849,0
1422223200,4875.46043348514,0
1422226800,4686.10514662493,0
1422230400,4438.27634690627,0
1422234000,4231.00287202307,0
1422237600,4091.62674616288,0
1422241200,4067.05487422543,0
1422244800,4201.0022368531,0
1422248400,4490.70338117422,0
1422252000,4825.77799643005,0
1422255600,5137.93233655008,0
1422259200,5387.05005795492,0
1422262800,5564.83046982013,0
1422266400,5532.41434078745,0
1422270000,5412.88511032315,0
1422273600,5164.37592522871,0
1422277200,4924.44940139242,0
1422280800,4717.73001188091,0
1422284400,4613.28018708474,0
1422288000,4590.41834333299,0
1422291600,4730.6987717204,0
1422295200,4897.42181405911,0
1422298800,5074.18143021371,0
1422302400,5180.83196839053,0
1422306000,5159.46198848843,0
1422309600,5060.66802775588,0
1422313200,4869.89220028579,0
1422316800,4619.4992403085,0
1422320400,4385.85718862674,0
1422324000,4235.74373530787,0
1422327600,4234.05724887108,0
1422331200,4337.95841207834,0
1422334800,4606.42754366147,0
1422338400,4935.47352975964,0
1422342000,5240.15749000252,0
1422345600,5521.18531275502,0
1422349200,5620.4058197408,0
1422352800,5623.23538447168,0
1422356400,5479.0298363159,0
1422360000,5245.09078027799,0
1422363600,4963.07215502434,0
1422367200,4783.40790551518,0
1422370800,4664.81141658655,0
1422374400,4656.38748004611,0
1422378000,4756.79002451093,0
1422381600,4916.99971420602,0
1422385200,5077.13882875678,0
1422388800,5175.88573487158,0
1422392400,5196.20219125151,0
1422396000,5053.48865128711,0
1422399600,4833.1747000559,0
1422403200,4583.47929087393,0
1422406800,4365.42253311869,0
1422410400,4196.87706781049,0
1422414000,4173.89017192176,0
1422417600,4313.38587540238,0
1422421200,4551.80688522282,0
1422424800,4868.64488353377,0
1422428400,5182.38916998513,0
1422432000,5444.41788513009,0
1422435600,5563.9323195915,0
1422439200,5510.83966450869,0
1422442800,5372.99900198005,0
1422446400,5136.54422894446,0
1422450000,4884.6552570708,0
1422453600,4663.37784240243,0
1422457200,4548.01114900517,0
1422460800,4549.56278508775,0
1422464400,4606.78067597726,0
1422468000,4805.60672480473,0
1422471600,4957.29331274305,0
1422475200,5045.83710682823,0
1422478800,5023.05144936181,0
1422482400,4908.04834616352,0
1422486000,4685.47780634147,0
1422489600,4433.60725819204,0
1422493200,4205.61161258255,0
1422496800,4063.00505977112,0
1422500400,4014.54876186664,0
1422504000,4152.2539194193,0
1422507600,4403.4925321476,0
1422511200,4713.12232990242,0
1422514800,5049.59402888996,0
1422518400,5275.97614598285,0
1422522000,5424.01578945049,0
1422525600,5397.66791214478,0
1422529200,5220.69718006922,0
1422532800,4991.18041292544,0
1422536400,4737.24799561724,0
1422540000,4526.76378247486,0
1422543600,4416.30400674556,0
1422547200,4417.00856973516,0
1422550800,4509.79726034928,0
1422554400,4661.0790335486,0
1422558000,4812.76404512103,0
1422561600,4917.83852911879,0
1422565200,4927.30971300534,0
1422568800,4796.85352101562,0
1422572400,4603.44813218347,0
1422576000,4328.63211939035,0
1422579600,4108.41880799292,0
1422583200,3951.37035261896,0
1422586800,3914.09545551413,0
1422590400,4063.28243975663,0
1422594000,4345.08772064056,0
1422597600,4650.73217981169,0
1422601200,4988.90250439863,0
1422604800,5208.80838727709,0
1422608400,5379.17462497834,0
1422612000,5347.89019084531,0
1422615600,5222.43878487691,0
1422619200,4976.55635844423,0
1422622800,4714.60742979314,0
1422626400,4535.29107180722,0
1422630000,4407.82355888177,0
1422633600,4419.53106660096,0
1422637200,4528.36491091548,0
1422640800,4692.80379680953,0
1422644400,4843.93978151388,0
1422648000,4944.29683082136,0
1422651600,4968.72954235873,0
1422655200,4859.6840896084,0
1422658800,4668.1217208743,0
1422662400,4392.42932316994,0
1422666000,4190.2785297117,0
1422669600,4056.34344743242,0
1422673200,4038.81512329611,0
1422676800,4185.08061162706,0
1422680400,4431.34911023597,0
1422684000,4781.62592128389,0
1422687600,5107.9026913404,0
1422691200,5369.2881446612,0
1422694800,5509.84683846603,0
1422698400,5512.15468182265,0
1422702000,5370.77189032023,0
1422705600,5129.23658913662,0
1422709200,4908.27557920841,0
1422712800,4706.37305600239,0
1422716400,4595.69959881684,0
1422720000,4603.27059840737,0
1422723600,4707.99155655651,0
1422727200,4877.05270692838,0
1422730800,5077.47733512393,0
1422734400,5179.51489174117,0
1422738000,5192.24532015447,0
1422741600,5080.0517328671,0
1422745200,4902.77465136531,0
1422748800,4645.67763922902,0
1422752400,4450.57212159888,0
1422756000,4305.3462824243,0
1422759600,4284.26991825493,0
1422763200,4440.13605739643,0
1422766800,4697.84908953451,0
